To honour the JVM settings for this build a single-use Daemon process will be forked. For more on this, please refer to https://docs.gradle.org/9.1.0/userguide/gradle_daemon.html#sec:disabling_the_daemon in the Gradle documentation.
Daemon will be stopped at the end of the build 
> Task :mmo-api:compileJava UP-TO-DATE
> Task :mmo-api:processResources NO-SOURCE
> Task :mmo-api:classes UP-TO-DATE
> Task :mmo-api:jar UP-TO-DATE
> Task :mmo-content:compileJava UP-TO-DATE
> Task :mmo-combat:compileJava UP-TO-DATE
> Task :mmo-integrations:compileJava UP-TO-DATE
> Task :mmo-items:compileJava UP-TO-DATE
> Task :mmo-lifeskills:compileJava UP-TO-DATE
> Task :mmo-magic:compileJava UP-TO-DATE
> Task :mmo-progression:compileJava UP-TO-DATE
> Task :mmo-persistence:compileJava UP-TO-DATE
> Task :mmo-scenes:compileJava UP-TO-DATE
> Task :mmo-social:compileJava UP-TO-DATE
> Task :mmo-worldloop:compileJava UP-TO-DATE
> Task :mmo-integrations:integration-mythicmobs:compileJava UP-TO-DATE
> Task :mmo-integrations:integration-oraxen:compileJava UP-TO-DATE
> Task :mmo-integrations:integration-packetevents:compileJava UP-TO-DATE
> Task :mmo-integrations:integration-wallet:compileJava UP-TO-DATE
> Task :mmo-integrations:integration-worldguard:compileJava UP-TO-DATE
> Task :mmo-bootstrap:compileJava UP-TO-DATE
> Task :mmo-bootstrap:processResources UP-TO-DATE
> Task :mmo-bootstrap:classes UP-TO-DATE
> Task :mmo-combat:processResources NO-SOURCE
> Task :mmo-combat:classes UP-TO-DATE
> Task :mmo-combat:jar UP-TO-DATE
> Task :mmo-content:processResources NO-SOURCE
> Task :mmo-content:classes UP-TO-DATE
> Task :mmo-content:jar UP-TO-DATE
> Task :mmo-integrations:processResources NO-SOURCE
> Task :mmo-integrations:classes UP-TO-DATE
> Task :mmo-integrations:jar UP-TO-DATE
> Task :mmo-items:processResources NO-SOURCE
> Task :mmo-items:classes UP-TO-DATE
> Task :mmo-items:jar UP-TO-DATE
> Task :mmo-lifeskills:processResources NO-SOURCE
> Task :mmo-lifeskills:classes UP-TO-DATE
> Task :mmo-lifeskills:jar UP-TO-DATE
> Task :mmo-magic:processResources NO-SOURCE
> Task :mmo-magic:classes UP-TO-DATE
> Task :mmo-magic:jar UP-TO-DATE
> Task :mmo-persistence:processResources UP-TO-DATE
> Task :mmo-persistence:classes UP-TO-DATE
> Task :mmo-persistence:jar UP-TO-DATE
> Task :mmo-progression:processResources NO-SOURCE
> Task :mmo-progression:classes UP-TO-DATE
> Task :mmo-progression:jar UP-TO-DATE
> Task :mmo-scenes:processResources NO-SOURCE
> Task :mmo-scenes:classes UP-TO-DATE
> Task :mmo-scenes:jar UP-TO-DATE
> Task :mmo-social:processResources NO-SOURCE
> Task :mmo-social:classes UP-TO-DATE
> Task :mmo-social:jar UP-TO-DATE
> Task :mmo-worldloop:processResources NO-SOURCE
> Task :mmo-worldloop:classes UP-TO-DATE
> Task :mmo-worldloop:jar UP-TO-DATE
> Task :mmo-integrations:integration-mythicmobs:processResources NO-SOURCE
> Task :mmo-integrations:integration-mythicmobs:classes UP-TO-DATE
> Task :mmo-integrations:integration-mythicmobs:jar UP-TO-DATE
> Task :mmo-integrations:integration-oraxen:processResources NO-SOURCE
> Task :mmo-integrations:integration-oraxen:classes UP-TO-DATE
> Task :mmo-integrations:integration-oraxen:jar UP-TO-DATE
> Task :mmo-integrations:integration-packetevents:processResources NO-SOURCE
> Task :mmo-integrations:integration-packetevents:classes UP-TO-DATE
> Task :mmo-integrations:integration-packetevents:jar UP-TO-DATE
> Task :mmo-integrations:integration-wallet:processResources NO-SOURCE
> Task :mmo-integrations:integration-wallet:classes UP-TO-DATE
> Task :mmo-integrations:integration-wallet:jar UP-TO-DATE
> Task :mmo-integrations:integration-worldguard:processResources NO-SOURCE
> Task :mmo-integrations:integration-worldguard:classes UP-TO-DATE
> Task :mmo-integrations:integration-worldguard:jar UP-TO-DATE
> Task :mmo-bootstrap:shadowJar UP-TO-DATE

> Task :mmo-bootstrap:runServer
Fetching latest Paper build for version 26.2...
Latest build for 26.2 is 112.
Located Paper 26.2 build 112 in local cache.
Starting Paper...

Downloading mojang_26.2.jar
Applying patches
Starting org.bukkit.craftbukkit.Main
2026-08-15T17:57:29.346323700Z ServerMain WARN Advanced terminal features are not available in this environment
[00:57:29 INFO]: [bootstrap] Running Java 25 (OpenJDK 64-Bit Server VM 25.0.3+9-LTS; Eclipse Adoptium Temurin-25.0.3+9) on Windows 11 10.0 (amd64)
[00:57:29 INFO]: [bootstrap] Loading Paper 26.2-112-main@c9e894d (2026-08-11T05:18:39Z) for Minecraft 26.2
[00:57:29 INFO]: [PluginInitializerManager] Initializing plugins...
[00:57:30 INFO]: [PluginInitializerManager] Initialized 1 plugin
[00:57:30 INFO]: [PluginInitializerManager] Bukkit plugins (1):
 - BranzMMO (1.0.0-SNAPSHOT)
WARNING: A terminally deprecated method in sun.misc.Unsafe has been called
WARNING: sun.misc.Unsafe::objectFieldOffset has been called by org.joml.MemUtil$MemUtilUnsafe (file:/C:/Users/User/AppData/Local/BranzMMORPGHarness/repo/mmo-bootstrap/run/libraries/org/joml/joml/1.10.8/joml-1.10.8.jar)
WARNING: Please consider reporting this to the maintainers of class org.joml.MemUtil$MemUtilUnsafe
WARNING: sun.misc.Unsafe::objectFieldOffset will be removed in a future release
[00:57:38 INFO]: [ca.spottedleaf.dataconverter.minecraft.datatypes.MCTypeRegistry] Initialising converters for DataConverter...
[00:57:38 INFO]: Environment: Environment[sessionHost=https://sessionserver.mojang.com, servicesHost=https://api.minecraftservices.com, profilesHost=https://api.mojang.com, name=PROD]
[00:57:39 INFO]: [ca.spottedleaf.dataconverter.minecraft.datatypes.MCTypeRegistry] Finished initialising converters for DataConverter in 731.7ms
[00:57:39 INFO]: Found new data pack paper, loading it automatically
[00:57:40 INFO]: No existing world data, creating new world
[00:57:41 INFO]: Loaded 1585 recipes
[00:57:41 INFO]: Loaded 1688 advancements
[00:57:41 INFO]: Starting minecraft server version 26.2
[00:57:41 INFO]: Loading properties
[00:57:41 INFO]: This server is running Paper version 26.2-112-main@c9e894d (2026-08-11T05:18:39Z) (Implementing API version 26.2.build.112-stable)
[00:57:41 INFO]: [spark] This server bundles the spark profiler. For more information please visit https://docs.papermc.io/paper/profiling
[00:57:41 INFO]: Using 4 threads for Netty based IO
[00:57:41 INFO]: Server Ping Player Sample Count: 12
[00:57:42 INFO]: [MoonriseCommon] Paper is using 3 worker threads, 1 I/O threads
[00:57:42 INFO]: Default game type: SURVIVAL
[00:57:42 INFO]: Generating keypair
[00:57:42 INFO]: Starting Minecraft server on *:25565
[00:57:42 INFO]: Paper: Using Java compression from Velocity.
[00:57:42 INFO]: Paper: Using Java cipher from Velocity.
[00:57:43 INFO]: [BranzMMO] Loading server plugin BranzMMO v1.0.0-SNAPSHOT
[00:57:43 INFO]: [BranzMMO] Enabling BranzMMO v1.0.0-SNAPSHOT
[00:57:43 INFO]: [BranzMMO] Loading and validating content snapshot from C:\Users\User\AppData\Local\BranzMMORPGHarness\repo\example-content\milestone-1
[00:57:43 WARN]: **** SERVER IS RUNNING IN OFFLINE/INSECURE MODE!
[00:57:43 WARN]: The server will make no attempt to authenticate usernames. Beware.
[00:57:43 WARN]: While this makes the game possible to play without internet access, it also opens up the ability for hackers to connect with any username they choose.
[00:57:43 WARN]: To change this, set "online-mode" to "true" in the server.properties file.
[00:57:43 INFO]: Preparing level "world"
[00:57:43 INFO]: Selecting spawn point for level 'minecraft:overworld'...
[00:57:49 INFO]: Selecting spawn point for level 'minecraft:the_nether'...
[00:57:50 INFO]: Selecting spawn point for level 'minecraft:the_end'...
[00:57:50 INFO]: Loading 0 persistent chunks for level 'minecraft:overworld'...
[00:57:50 INFO]: Preparing spawn area: 100%
[00:57:50 INFO]: Prepared spawn area in 6973 ms
[00:57:50 INFO]: Loading 0 persistent chunks for level 'minecraft:the_nether'...
[00:57:50 INFO]: Preparing spawn area: 100%
[00:57:50 INFO]: Prepared spawn area in 1299 ms
[00:57:50 INFO]: Loading 0 persistent chunks for level 'minecraft:the_end'...
[00:57:50 INFO]: Preparing spawn area: 100%
[00:57:50 INFO]: Prepared spawn area in 448 ms
[00:57:50 INFO]: Done preparing level "world" (7.581s)
[00:57:50 INFO]: [spark] Starting background profiler...
[00:57:51 INFO]: [spark] The async-profiler engine is not supported for your os/arch (windows11/amd64), so the built-in Java engine will be used instead.
[00:57:51 INFO]: Saving chunks for level 'ServerLevel[world]'/minecraft:overworld
[00:57:51 INFO]: Saving chunks for level 'ServerLevel[world]'/minecraft:the_nether
[00:57:51 INFO]: Saving chunks for level 'ServerLevel[world]'/minecraft:the_end
[00:57:51 INFO]: ThreadedAnvilChunkStorage (world): All chunks are saved
[00:57:51 INFO]: ThreadedAnvilChunkStorage (DIM-1): All chunks are saved
[00:57:51 INFO]: ThreadedAnvilChunkStorage (DIM1): All chunks are saved
[00:57:51 INFO]: ThreadedAnvilChunkStorage: All dimensions are saved
[00:57:51 INFO]: Running delayed init tasks
[00:57:51 INFO]: Done (23.313s)! For help, type "help"
[00:57:51 INFO]: *************************************************************************************
[00:57:51 INFO]: This is the first time you're starting this server.
[00:57:51 INFO]: It's recommended you read our 'Getting Started' documentation for guidance.
[00:57:51 INFO]: View this and more helpful information here: https://docs.papermc.io/paper/next-steps
[00:57:51 INFO]: *************************************************************************************
[00:57:51 INFO]: [io.zonky.test.db.postgres.embedded.EmbeddedPostgres] Detected a Windows x86_64 system
[00:57:51 INFO]: [io.zonky.test.db.postgres.embedded.DefaultPostgresBinaryResolver] Detected distribution: 'Unknown'
[00:57:51 INFO]: [io.zonky.test.db.postgres.embedded.DefaultPostgresBinaryResolver] System specific postgres binaries found: 'postgres-windows-x86_64.txz'
[00:57:54 INFO]: [io.zonky.test.db.postgres.embedded.EmbeddedPostgres] Postgres binaries at C:\Users\User\AppData\Local\Temp\embedded-pg\PG-3942d5a1dcdbfebc27772e9e670d5d85
[00:57:54 INFO]: [io.zonky.test.db.postgres.embedded.EmbeddedPostgres] The files belonging to this database system will be owned by user "User".
[00:57:54 INFO]: [io.zonky.test.db.postgres.embedded.EmbeddedPostgres] This user must also own the server process.
[00:57:54 INFO]: [io.zonky.test.db.postgres.embedded.EmbeddedPostgres] 
[00:57:54 INFO]: [io.zonky.test.db.postgres.embedded.EmbeddedPostgres] The database cluster will be initialized with locale "English_United States.874".
[00:57:54 INFO]: [io.zonky.test.db.postgres.embedded.EmbeddedPostgres] The default text search configuration will be set to "english".
[00:57:54 INFO]: [io.zonky.test.db.postgres.embedded.EmbeddedPostgres] 
[00:57:54 INFO]: [io.zonky.test.db.postgres.embedded.EmbeddedPostgres] Data page checksums are disabled.
[00:57:54 INFO]: [io.zonky.test.db.postgres.embedded.EmbeddedPostgres] 
[00:57:54 INFO]: [io.zonky.test.db.postgres.embedded.EmbeddedPostgres] fixing permissions on existing directory C:/Users/User/AppData/Local/BranzMMORPGHarness/repo/mmo-bootstrap/run/plugins/BranzMMO/embedded-postgres ... ok
[00:57:54 INFO]: [io.zonky.test.db.postgres.embedded.EmbeddedPostgres] creating subdirectories ... ok
[00:57:54 INFO]: [io.zonky.test.db.postgres.embedded.EmbeddedPostgres] selecting dynamic shared memory implementation ... windows
[00:57:54 INFO]: [io.zonky.test.db.postgres.embedded.EmbeddedPostgres] selecting default max_connections ... 100
[00:57:54 INFO]: [io.zonky.test.db.postgres.embedded.EmbeddedPostgres] selecting default shared_buffers ... 128MB
[00:57:54 INFO]: [io.zonky.test.db.postgres.embedded.EmbeddedPostgres] selecting default time zone ... Asia/Bangkok
[00:57:54 INFO]: [io.zonky.test.db.postgres.embedded.EmbeddedPostgres] creating configuration files ... ok
[00:57:56 INFO]: [io.zonky.test.db.postgres.embedded.EmbeddedPostgres] running bootstrap script ... ok
[00:58:01 INFO]: [io.zonky.test.db.postgres.embedded.EmbeddedPostgres] performing post-bootstrap initialization ... ok
[00:58:07 INFO]: [io.zonky.test.db.postgres.embedded.EmbeddedPostgres] syncing data to disk ... ok
[00:58:07 INFO]: [io.zonky.test.db.postgres.embedded.EmbeddedPostgres] 
[00:58:07 INFO]: [io.zonky.test.db.postgres.embedded.EmbeddedPostgres] Success. You can now start the database server using:
[00:58:07 INFO]: [io.zonky.test.db.postgres.embedded.EmbeddedPostgres] 
[00:58:07 INFO]: [io.zonky.test.db.postgres.embedded.EmbeddedPostgres]     ^"C^:^\Users^\User^\AppData^\Local^\Temp^\embedded^-pg^\PG^-3942d5a1dcdbfebc27772e9e670d5d85^\bin^\pg^_ctl^" -D ^"C^:^\Users^\User^\AppData^\Local^\BranzMMORPGHarness^\repo^\mmo^-bootstrap^\run^\plugins^\BranzMMO^\embedded^-postgres^" -l logfile start
[00:58:07 INFO]: [io.zonky.test.db.postgres.embedded.EmbeddedPostgres] 
[00:58:07 INFO]: [io.zonky.test.db.postgres.embedded.EmbeddedPostgres] 80cd52fb-826a-46d2-9d61-23d019add622 initdb completed in 00:00:13.399
[00:58:07 INFO]: [io.zonky.test.db.postgres.embedded.EmbeddedPostgres] 80cd52fb-826a-46d2-9d61-23d019add622 postmaster started as Process[pid=18288, exitValue="not exited"] on port 50359.  Waiting up to PT10S for server startup to finish.
[00:58:07 INFO]: [io.zonky.test.db.postgres.embedded.EmbeddedPostgres] waiting for server to start....2026-08-16 00:58:07.973 +07 [23632] LOG:  starting PostgreSQL 14.22, compiled by Visual C++ build 1944, 64-bit
[00:58:07 INFO]: [io.zonky.test.db.postgres.embedded.EmbeddedPostgres] 2026-08-16 00:58:07.983 +07 [23632] LOG:  listening on IPv6 address "::1", port 50359
[00:58:07 INFO]: [io.zonky.test.db.postgres.embedded.EmbeddedPostgres] 2026-08-16 00:58:07.983 +07 [23632] LOG:  listening on IPv4 address "127.0.0.1", port 50359
[00:58:08 INFO]: [io.zonky.test.db.postgres.embedded.EmbeddedPostgres] 2026-08-16 00:58:08.060 +07 [5140] LOG:  database system was shut down at 2026-08-16 00:58:01 +07
[00:58:08 INFO]: [io.zonky.test.db.postgres.embedded.EmbeddedPostgres] 2026-08-16 00:58:08.176 +07 [23632] LOG:  database system is ready to accept connections
[00:58:08 INFO]: [io.zonky.test.db.postgres.embedded.EmbeddedPostgres]  done
[00:58:08 INFO]: [io.zonky.test.db.postgres.embedded.EmbeddedPostgres] server started
[00:58:08 INFO]: [io.zonky.test.db.postgres.embedded.EmbeddedPostgres] 80cd52fb-826a-46d2-9d61-23d019add622 postmaster startup finished in 00:00:00.979
[00:58:11 INFO]: [BranzMMO] Milestone 3 runtime ready; item definitions=20, move definitions=6, spell definitions=5, technique definitions=5, form definitions=4, ailment definitions=6, encounter reward definitions=1, Scene presentation=WORLD_BACKED
[00:58:11 INFO]: [BranzMMO] Provider asset.oraxen=UNAVAILABLE [OPTIONAL]: plugin is not installed: Oraxen
[00:58:11 INFO]: [BranzMMO] Provider mob.mythicmobs=UNAVAILABLE [OPTIONAL]: plugin is not installed: MythicMobs
[00:58:11 INFO]: [BranzMMO] Provider packet.packetevents=UNAVAILABLE [OPTIONAL]: plugin is not installed: packetevents
[00:58:11 INFO]: [BranzMMO] Provider region.worldguard=UNAVAILABLE [OPTIONAL]: plugin is not installed: WorldGuard
[00:58:11 INFO]: [BranzMMO] Provider wallet.external=UNAVAILABLE [OPTIONAL]: plugin is not installed: Wallet
[00:58:11 WARN]: [BranzMMO] asset.oraxen [OPTIONAL]: plugin is not installed: Oraxen
[00:58:11 WARN]: [BranzMMO] mob.mythicmobs [OPTIONAL]: plugin is not installed: MythicMobs
[00:58:11 WARN]: [BranzMMO] packet.packetevents [OPTIONAL]: plugin is not installed: packetevents
[00:58:11 WARN]: [BranzMMO] region.worldguard [OPTIONAL]: plugin is not installed: WorldGuard
[00:58:11 WARN]: [BranzMMO] wallet.external [OPTIONAL]: plugin is not installed: Wallet
[00:58:11 INFO]: [BranzMMO] Branz MMO startup DEGRADED; content=v1.milestone-1.example.4, definitions=48
[00:58:11 INFO]: [BranzMMO] PostgreSQL runtime ready; mode=EMBEDDED_LOCAL, server-instance=local-da47c563-160b-47c5-a709-34084516dea8
[00:58:11 INFO]: [BranzMMO] Recovered 0 boss encounter(s) from V0009.
[00:58:11 INFO]: [BranzMMO] Death Pouch reconciliation is ready.
[00:58:11 INFO]: [BranzMMO] Recovered 0 downed encounter(s) from V0010.
[00:58:45 INFO]: UUID of player Player0 is 2654e3c3-150d-3857-a426-0b141796a4e0
[00:58:56 INFO]: Player0 joined the game
[00:58:56 INFO]: Player0[/127.0.0.1:51004] logged in with entity id 46 at ([minecraft:overworld]-871.5, 68.0, 65.5)
[00:58:57 INFO]: Made Player0 a server operator
[00:58:57 INFO]: Set 7 experience levels on Player0
[00:59:02 INFO]: Player0 issued server command: /item replace entity @s hotbar.0 with minecraft:stone
[00:59:03 INFO]: [Player0: Replaced a slot on Player0 with [Stone]]
[00:59:03 INFO]: Player0 issued server command: /item replace entity @s hotbar.1 with minecraft:stone
[00:59:03 INFO]: [Player0: Replaced a slot on Player0 with [Stone]]
[00:59:04 INFO]: Player0 issued server command: /item replace entity @s hotbar.2 with minecraft:stone
[00:59:04 INFO]: [Player0: Replaced a slot on Player0 with [Stone]]
[00:59:04 INFO]: Player0 issued server command: /item replace entity @s hotbar.3 with minecraft:stone
[00:59:04 INFO]: [Player0: Replaced a slot on Player0 with [Stone]]
[00:59:04 INFO]: Player0 issued server command: /item replace entity @s hotbar.4 with minecraft:stone
[00:59:04 INFO]: [Player0: Replaced a slot on Player0 with [Stone]]
[00:59:05 INFO]: Player0 issued server command: /item replace entity @s hotbar.5 with minecraft:stone
[00:59:05 INFO]: [Player0: Replaced a slot on Player0 with [Stone]]
[00:59:05 INFO]: Player0 issued server command: /item replace entity @s hotbar.6 with minecraft:stone
[00:59:05 INFO]: [Player0: Replaced a slot on Player0 with [Stone]]
[00:59:06 INFO]: Player0 issued server command: /item replace entity @s hotbar.7 with minecraft:stone
[00:59:06 INFO]: [Player0: Replaced a slot on Player0 with [Stone]]
[00:59:06 INFO]: Player0 issued server command: /mmo dev
[00:59:06 INFO]: [BranzMMO] PHYSICAL_AUTHORITY_INVENTORY_CLICK_SERVER player=Player0 action=PICKUP_ALL slot=12 currentProjection=false cursorProjection=false
[00:59:07 INFO]: [BranzMMO] PHYSICAL_AUTHORITY_INVENTORY_CLICK_SERVER player=Player0 action=MOVE_TO_OTHER_INVENTORY slot=5 currentProjection=false cursorProjection=false
[00:59:09 INFO]: Player0 issued server command: /mmo physical status
[00:59:10 INFO]: Player0 issued server command: /item replace entity @s hotbar.7 with minecraft:air
[00:59:10 INFO]: [Player0: Replaced a slot on Player0 with [Air]]
[00:59:10 INFO]: [BranzMMO] PHYSICAL_AUTHORITY_INVENTORY_CLICK_SERVER player=Player0 action=PICKUP_ALL slot=9 currentProjection=true cursorProjection=false
[00:59:10 INFO]: [BranzMMO] PHYSICAL_AUTHORITY_INVENTORY_PLAN_SERVER player=Player0 disposition=TRANSIENT_CURSOR intent=none
[00:59:11 INFO]: [BranzMMO] PHYSICAL_AUTHORITY_INVENTORY_CLICK_SERVER player=Player0 action=PLACE_ALL slot=7 currentProjection=false cursorProjection=true
[00:59:11 INFO]: [BranzMMO] PHYSICAL_AUTHORITY_INVENTORY_PLAN_SERVER player=Player0 disposition=READY_TO_COMMIT intent=STACKABLE_LOT:9->7:3ccc6320-7f5a-4f70-8aed-276fa0f1ee8c
[00:59:11 INFO]: [BranzMMO] PHYSICAL_AUTHORITY_INVENTORY_COMMIT_BEGIN_SERVER player=Player0 type=STACKABLE_LOT source=9 destination=7 value=3ccc6320-7f5a-4f70-8aed-276fa0f1ee8c
[00:59:11 INFO]: Player0 issued server command: /mmo physical status
[00:59:11 INFO]: [BranzMMO] PHYSICAL_AUTHORITY_INVENTORY_COMMIT_SUCCESS_SERVER player=Player0 type=STACKABLE_LOT source=9 destination=7 value=3ccc6320-7f5a-4f70-8aed-276fa0f1ee8c
[00:59:13 INFO]: Player0 issued server command: /mmo physical status
[00:59:14 INFO]: Player0 issued server command: /mmo physical status
[00:59:18 INFO]: [BranzMMO] PHYSICAL_AUTHORITY_CONSUMABLE_USE_INTERACT_SERVER player=Player0 action=RIGHT_CLICK_AIR slot=7
[00:59:18 INFO]: [BranzMMO] PHYSICAL_AUTHORITY_CONSUMABLE_USE_ROUTED_SERVER slot=7 player=Player0
[00:59:19 INFO]: [BranzMMO] PHYSICAL_AUTHORITY_CONSUMABLE_USE_SELECTED_SERVER lot=LotId[value=3ccc6320-7f5a-4f70-8aed-276fa0f1ee8c] definition=consumable.training_body_tonic category=BODY_TONIC player=Player0
[00:59:19 INFO]: [BranzMMO] PHYSICAL_AUTHORITY_CONSUMABLE_USE_BEGIN_ENTER_SERVER lot=LotId[value=3ccc6320-7f5a-4f70-8aed-276fa0f1ee8c] player=Player0
[00:59:19 INFO]: [BranzMMO] PHYSICAL_AUTHORITY_CONSUMABLE_USE_BEGIN_SERVER lot=LotId[value=3ccc6320-7f5a-4f70-8aed-276fa0f1ee8c] operation=ae764f2c-0ff0-4532-9201-2d38396705de category=BODY_TONIC player=Player0
[00:59:22 INFO]: Player0 issued server command: /mmo physical status
[00:59:23 INFO]: Player0 issued server command: /mmo physical status
[00:59:24 INFO]: Player0 issued server command: /mmo physical status
[00:59:25 INFO]: Player0 issued server command: /mmo physical status
[00:59:26 INFO]: Player0 issued server command: /mmo physical status
[00:59:27 INFO]: Player0 issued server command: /mmo physical status
[00:59:27 INFO]: Player0 lost connection: Disconnected
[00:59:28 INFO]: Player0 left the game
[00:59:28 INFO]: Stopping the server
[00:59:28 INFO]: Stopping server
[00:59:28 INFO]: [BranzMMO] Disabling BranzMMO v1.0.0-SNAPSHOT
[00:59:28 ERROR]: [STDERR] [me.lucko.spark.paper.common.util.log.Logger$1] Uncaught exception thrown in thread spark-java-sampler-2-thread-3
[00:59:28 WARN]: java.util.concurrent.CancellationException
[00:59:28 WARN]: 	at java.base/java.util.concurrent.FutureTask.report(FutureTask.java:123)
[00:59:28 WARN]: 	at java.base/java.util.concurrent.FutureTask.get(FutureTask.java:193)
[00:59:28 WARN]: 	at me.lucko.spark.paper.common.util.SparkScheduledThreadPoolExecutor.afterExecute(SparkScheduledThreadPoolExecutor.java:48)
[00:59:28 WARN]: 	at java.base/java.util.concurrent.ThreadPoolExecutor.runWorker(ThreadPoolExecutor.java:1091)
[00:59:28 WARN]: 	at java.base/java.util.concurrent.ThreadPoolExecutor$Worker.run(ThreadPoolExecutor.java:614)
[00:59:28 WARN]: 	at java.base/java.lang.Thread.run(Thread.java:1474)
[00:59:28 INFO]: [io.zonky.test.db.postgres.embedded.EmbeddedPostgres] 2026-08-16 00:59:28.649 +07 [23632] LOG:  received fast shutdown request
[00:59:28 INFO]: [io.zonky.test.db.postgres.embedded.EmbeddedPostgres] 2026-08-16 00:59:28.653 +07 [23632] LOG:  aborting any active transactions
[00:59:28 INFO]: [io.zonky.test.db.postgres.embedded.EmbeddedPostgres] 2026-08-16 00:59:28.676 +07 [23632] LOG:  background worker "logical replication launcher" (PID 29744) exited with exit code 1
[00:59:28 INFO]: [io.zonky.test.db.postgres.embedded.EmbeddedPostgres] 2026-08-16 00:59:28.679 +07 [24080] LOG:  shutting down
[00:59:29 ERROR]: [ca.spottedleaf.moonrise.common.util.TickThread] Thread failed main thread check: Accessing poi chunk off-main, context=thread=Paper Common Worker #0, world=minecraft:overworld, chunk_pos=[-63, 17]
java.lang.Throwable
	at ca.spottedleaf.moonrise.common.util.TickThread.ensureTickThread(TickThread.java:64) ~[paper-26.2.jar:26.2-112-c9e894d]
	at net.minecraft.world.entity.ai.village.poi.PoiManager.getOrLoad(PoiManager.java:89) ~[paper-26.2.jar:26.2-112-c9e894d]
	at net.minecraft.world.entity.ai.village.poi.PoiManager.exists(PoiManager.java:410) ~[paper-26.2.jar:26.2-112-c9e894d]
	at net.minecraft.server.level.ServerLevel.lambda$updatePOIOnBlockStateChange$3(ServerLevel.java:2400) ~[paper-26.2.jar:26.2-112-c9e894d]
	at net.minecraft.server.TickTask.run(TickTask.java:18) ~[paper-26.2.jar:26.2-112-c9e894d]
	at net.minecraft.util.thread.BlockableEventLoop.doRunTask(BlockableEventLoop.java:207) ~[paper-26.2.jar:26.2-112-c9e894d]
	at net.minecraft.util.thread.ReentrantBlockableEventLoop.doRunTask(ReentrantBlockableEventLoop.java:24) ~[paper-26.2.jar:26.2-112-c9e894d]
	at net.minecraft.server.MinecraftServer.doRunTask(MinecraftServer.java:1534) ~[paper-26.2.jar:26.2-112-c9e894d]
	at net.minecraft.server.MinecraftServer.doRunTask(MinecraftServer.java:192) ~[paper-26.2.jar:26.2-112-c9e894d]
	at net.minecraft.util.thread.BlockableEventLoop.execute(BlockableEventLoop.java:150) ~[paper-26.2.jar:26.2-112-c9e894d]
	at net.minecraft.server.level.ServerLevel.lambda$updatePOIOnBlockStateChange$2(ServerLevel.java:2398) ~[paper-26.2.jar:26.2-112-c9e894d]
	at java.base/java.util.Optional.ifPresent(Optional.java:178) ~[?:?]
	at net.minecraft.server.level.ServerLevel.updatePOIOnBlockStateChange(ServerLevel.java:2398) ~[paper-26.2.jar:26.2-112-c9e894d]
	at net.minecraft.server.level.WorldGenRegion.setBlock(WorldGenRegion.java:366) ~[paper-26.2.jar:26.2-112-c9e894d]
	at net.minecraft.world.level.LevelWriter.setBlock(LevelWriter.java:13) ~[paper-26.2.jar:26.2-112-c9e894d]
	at net.minecraft.world.level.levelgen.structure.templatesystem.StructureTemplate.placeInWorld(StructureTemplate.java:322) ~[paper-26.2.jar:26.2-112-c9e894d]
	at net.minecraft.world.level.levelgen.structure.pools.SinglePoolElement.place(SinglePoolElement.java:152) ~[paper-26.2.jar:26.2-112-c9e894d]
	at net.minecraft.world.level.levelgen.structure.PoolElementStructurePiece.place(PoolElementStructurePiece.java:113) ~[paper-26.2.jar:26.2-112-c9e894d]
	at net.minecraft.world.level.levelgen.structure.PoolElementStructurePiece.postProcess(PoolElementStructurePiece.java:100) ~[paper-26.2.jar:26.2-112-c9e894d]
	at net.minecraft.world.level.levelgen.structure.StructureStart.placeInChunk(StructureStart.java:111) ~[paper-26.2.jar:26.2-112-c9e894d]
	at net.minecraft.world.level.chunk.ChunkGenerator.lambda$addVanillaDecorations$3(ChunkGenerator.java:379) ~[paper-26.2.jar:26.2-112-c9e894d]
	at com.google.common.collect.ImmutableList.forEach(ImmutableList.java:421) ~[guava-33.6.0-jre.jar:?]
	at net.minecraft.world.level.chunk.ChunkGenerator.addVanillaDecorations(ChunkGenerator.java:379) ~[paper-26.2.jar:26.2-112-c9e894d]
	at net.minecraft.world.level.chunk.ChunkGenerator.applyBiomeDecoration(ChunkGenerator.java:459) ~[paper-26.2.jar:26.2-112-c9e894d]
	at net.minecraft.world.level.chunk.ChunkGenerator.applyBiomeDecoration(ChunkGenerator.java:452) ~[paper-26.2.jar:26.2-112-c9e894d]
	at net.minecraft.world.level.chunk.status.ChunkStatusTasks.generateFeatures(ChunkStatusTasks.java:147) ~[paper-26.2.jar:26.2-112-c9e894d]
	at net.minecraft.world.level.chunk.status.ChunkStep.apply(ChunkStep.java:65) ~[paper-26.2.jar:26.2-112-c9e894d]
	at ca.spottedleaf.moonrise.patches.chunk_system.scheduling.task.ChunkUpgradeGenericStatusTask.run(ChunkUpgradeGenericStatusTask.java:97) ~[paper-26.2.jar:26.2-112-c9e894d]
	at ca.spottedleaf.concurrentutil.executor.queue.AreaDependentQueue$QueuedTask.run(AreaDependentQueue.java:1154) ~[leafpile-1.0.0.jar:?]
	at ca.spottedleaf.concurrentutil.executor.thread.BalancedPrioritisedThreadPool$OrderedStreamGroup$Queue.lambda$createTask$0(BalancedPrioritisedThreadPool.java:467) ~[leafpile-1.0.0.jar:?]
	at ca.spottedleaf.concurrentutil.executor.queue.PrioritisedTaskQueue$PrioritisedQueuedTask.execute(PrioritisedTaskQueue.java:345) ~[leafpile-1.0.0.jar:?]
	at ca.spottedleaf.concurrentutil.executor.thread.BalancedPrioritisedThreadPool$OrderedStreamGroup.executeTask(BalancedPrioritisedThreadPool.java:344) ~[leafpile-1.0.0.jar:?]
	at ca.spottedleaf.concurrentutil.executor.thread.BalancedPrioritisedThreadPool$WorkerThread.pollTasks(BalancedPrioritisedThreadPool.java:630) ~[leafpile-1.0.0.jar:?]
	at ca.spottedleaf.concurrentutil.executor.QueueExecutorRunnable.mainLoop(QueueExecutorRunnable.java:74) ~[leafpile-1.0.0.jar:?]
	at ca.spottedleaf.concurrentutil.executor.QueueExecutorRunnable.doRun(QueueExecutorRunnable.java:115) ~[leafpile-1.0.0.jar:?]
	at ca.spottedleaf.concurrentutil.executor.QueueExecutorRunnable.run(QueueExecutorRunnable.java:42) ~[leafpile-1.0.0.jar:?]
	at ca.spottedleaf.concurrentutil.util.LazyRunnable.run(LazyRunnable.java:25) ~[leafpile-1.0.0.jar:?]
	at java.base/java.lang.Thread.run(Thread.java:1474) ~[?:?]
[00:59:29 ERROR]: Error executing task on Server
java.lang.IllegalStateException: Thread failed main thread check: Accessing poi chunk off-main, context=thread=Paper Common Worker #0, world=minecraft:overworld, chunk_pos=[-63, 17]
	at ca.spottedleaf.moonrise.common.util.TickThread.ensureTickThread(TickThread.java:65) ~[paper-26.2.jar:26.2-112-c9e894d]
	at net.minecraft.world.entity.ai.village.poi.PoiManager.getOrLoad(PoiManager.java:89) ~[paper-26.2.jar:26.2-112-c9e894d]
	at net.minecraft.world.entity.ai.village.poi.PoiManager.exists(PoiManager.java:410) ~[paper-26.2.jar:26.2-112-c9e894d]
	at net.minecraft.server.level.ServerLevel.lambda$updatePOIOnBlockStateChange$3(ServerLevel.java:2400) ~[paper-26.2.jar:26.2-112-c9e894d]
	at net.minecraft.server.TickTask.run(TickTask.java:18) ~[paper-26.2.jar:26.2-112-c9e894d]
	at net.minecraft.util.thread.BlockableEventLoop.doRunTask(BlockableEventLoop.java:207) ~[paper-26.2.jar:26.2-112-c9e894d]
	at net.minecraft.util.thread.ReentrantBlockableEventLoop.doRunTask(ReentrantBlockableEventLoop.java:24) ~[paper-26.2.jar:26.2-112-c9e894d]
	at net.minecraft.server.MinecraftServer.doRunTask(MinecraftServer.java:1534) ~[paper-26.2.jar:26.2-112-c9e894d]
	at net.minecraft.server.MinecraftServer.doRunTask(MinecraftServer.java:192) ~[paper-26.2.jar:26.2-112-c9e894d]
	at net.minecraft.util.thread.BlockableEventLoop.execute(BlockableEventLoop.java:150) ~[paper-26.2.jar:26.2-112-c9e894d]
	at net.minecraft.server.level.ServerLevel.lambda$updatePOIOnBlockStateChange$2(ServerLevel.java:2398) ~[paper-26.2.jar:26.2-112-c9e894d]
	at java.base/java.util.Optional.ifPresent(Optional.java:178) ~[?:?]
	at net.minecraft.server.level.ServerLevel.updatePOIOnBlockStateChange(ServerLevel.java:2398) ~[paper-26.2.jar:26.2-112-c9e894d]
	at net.minecraft.server.level.WorldGenRegion.setBlock(WorldGenRegion.java:366) ~[paper-26.2.jar:26.2-112-c9e894d]
	at net.minecraft.world.level.LevelWriter.setBlock(LevelWriter.java:13) ~[paper-26.2.jar:26.2-112-c9e894d]
	at net.minecraft.world.level.levelgen.structure.templatesystem.StructureTemplate.placeInWorld(StructureTemplate.java:322) ~[paper-26.2.jar:26.2-112-c9e894d]
	at net.minecraft.world.level.levelgen.structure.pools.SinglePoolElement.place(SinglePoolElement.java:152) ~[paper-26.2.jar:26.2-112-c9e894d]
	at net.minecraft.world.level.levelgen.structure.PoolElementStructurePiece.place(PoolElementStructurePiece.java:113) ~[paper-26.2.jar:26.2-112-c9e894d]
	at net.minecraft.world.level.levelgen.structure.PoolElementStructurePiece.postProcess(PoolElementStructurePiece.java:100) ~[paper-26.2.jar:26.2-112-c9e894d]
	at net.minecraft.world.level.levelgen.structure.StructureStart.placeInChunk(StructureStart.java:111) ~[paper-26.2.jar:26.2-112-c9e894d]
	at net.minecraft.world.level.chunk.ChunkGenerator.lambda$addVanillaDecorations$3(ChunkGenerator.java:379) ~[paper-26.2.jar:26.2-112-c9e894d]
	at com.google.common.collect.ImmutableList.forEach(ImmutableList.java:421) ~[guava-33.6.0-jre.jar:?]
	at net.minecraft.world.level.chunk.ChunkGenerator.addVanillaDecorations(ChunkGenerator.java:379) ~[paper-26.2.jar:26.2-112-c9e894d]
	at net.minecraft.world.level.chunk.ChunkGenerator.applyBiomeDecoration(ChunkGenerator.java:459) ~[paper-26.2.jar:26.2-112-c9e894d]
	at net.minecraft.world.level.chunk.ChunkGenerator.applyBiomeDecoration(ChunkGenerator.java:452) ~[paper-26.2.jar:26.2-112-c9e894d]
	at net.minecraft.world.level.chunk.status.ChunkStatusTasks.generateFeatures(ChunkStatusTasks.java:147) ~[paper-26.2.jar:26.2-112-c9e894d]
	at net.minecraft.world.level.chunk.status.ChunkStep.apply(ChunkStep.java:65) ~[paper-26.2.jar:26.2-112-c9e894d]
	at ca.spottedleaf.moonrise.patches.chunk_system.scheduling.task.ChunkUpgradeGenericStatusTask.run(ChunkUpgradeGenericStatusTask.java:97) ~[paper-26.2.jar:26.2-112-c9e894d]
	at ca.spottedleaf.concurrentutil.executor.queue.AreaDependentQueue$QueuedTask.run(AreaDependentQueue.java:1154) ~[leafpile-1.0.0.jar:?]
	at ca.spottedleaf.concurrentutil.executor.thread.BalancedPrioritisedThreadPool$OrderedStreamGroup$Queue.lambda$createTask$0(BalancedPrioritisedThreadPool.java:467) ~[leafpile-1.0.0.jar:?]
	at ca.spottedleaf.concurrentutil.executor.queue.PrioritisedTaskQueue$PrioritisedQueuedTask.execute(PrioritisedTaskQueue.java:345) ~[leafpile-1.0.0.jar:?]
	at ca.spottedleaf.concurrentutil.executor.thread.BalancedPrioritisedThreadPool$OrderedStreamGroup.executeTask(BalancedPrioritisedThreadPool.java:344) ~[leafpile-1.0.0.jar:?]
	at ca.spottedleaf.concurrentutil.executor.thread.BalancedPrioritisedThreadPool$WorkerThread.pollTasks(BalancedPrioritisedThreadPool.java:630) ~[leafpile-1.0.0.jar:?]
	at ca.spottedleaf.concurrentutil.executor.QueueExecutorRunnable.mainLoop(QueueExecutorRunnable.java:74) ~[leafpile-1.0.0.jar:?]
	at ca.spottedleaf.concurrentutil.executor.QueueExecutorRunnable.doRun(QueueExecutorRunnable.java:115) ~[leafpile-1.0.0.jar:?]
	at ca.spottedleaf.concurrentutil.executor.QueueExecutorRunnable.run(QueueExecutorRunnable.java:42) ~[leafpile-1.0.0.jar:?]
	at ca.spottedleaf.concurrentutil.util.LazyRunnable.run(LazyRunnable.java:25) ~[leafpile-1.0.0.jar:?]
	at java.base/java.lang.Thread.run(Thread.java:1474) ~[?:?]
[00:59:29 ERROR]: [ca.spottedleaf.moonrise.common.util.TickThread] Thread failed main thread check: Accessing poi chunk off-main, context=thread=Paper Common Worker #0, world=minecraft:overworld, chunk_pos=[-63, 17]
java.lang.Throwable
	at ca.spottedleaf.moonrise.common.util.TickThread.ensureTickThread(TickThread.java:64) ~[paper-26.2.jar:26.2-112-c9e894d]
	at net.minecraft.world.entity.ai.village.poi.PoiManager.getOrLoad(PoiManager.java:89) ~[paper-26.2.jar:26.2-112-c9e894d]
	at net.minecraft.world.entity.ai.village.poi.PoiManager.exists(PoiManager.java:410) ~[paper-26.2.jar:26.2-112-c9e894d]
	at net.minecraft.server.level.ServerLevel.lambda$updatePOIOnBlockStateChange$3(ServerLevel.java:2400) ~[paper-26.2.jar:26.2-112-c9e894d]
	at net.minecraft.server.TickTask.run(TickTask.java:18) ~[paper-26.2.jar:26.2-112-c9e894d]
	at net.minecraft.util.thread.BlockableEventLoop.doRunTask(BlockableEventLoop.java:207) ~[paper-26.2.jar:26.2-112-c9e894d]
	at net.minecraft.util.thread.ReentrantBlockableEventLoop.doRunTask(ReentrantBlockableEventLoop.java:24) ~[paper-26.2.jar:26.2-112-c9e894d]
	at net.minecraft.server.MinecraftServer.doRunTask(MinecraftServer.java:1534) ~[paper-26.2.jar:26.2-112-c9e894d]
	at net.minecraft.server.MinecraftServer.doRunTask(MinecraftServer.java:192) ~[paper-26.2.jar:26.2-112-c9e894d]
	at net.minecraft.util.thread.BlockableEventLoop.execute(BlockableEventLoop.java:150) ~[paper-26.2.jar:26.2-112-c9e894d]
	at net.minecraft.server.level.ServerLevel.lambda$updatePOIOnBlockStateChange$2(ServerLevel.java:2398) ~[paper-26.2.jar:26.2-112-c9e894d]
	at java.base/java.util.Optional.ifPresent(Optional.java:178) ~[?:?]
	at net.minecraft.server.level.ServerLevel.updatePOIOnBlockStateChange(ServerLevel.java:2398) ~[paper-26.2.jar:26.2-112-c9e894d]
	at net.minecraft.server.level.WorldGenRegion.setBlock(WorldGenRegion.java:366) ~[paper-26.2.jar:26.2-112-c9e894d]
	at net.minecraft.world.level.LevelWriter.setBlock(LevelWriter.java:13) ~[paper-26.2.jar:26.2-112-c9e894d]
	at net.minecraft.world.level.levelgen.structure.templatesystem.StructureTemplate.placeInWorld(StructureTemplate.java:322) ~[paper-26.2.jar:26.2-112-c9e894d]
	at net.minecraft.world.level.levelgen.structure.pools.SinglePoolElement.place(SinglePoolElement.java:152) ~[paper-26.2.jar:26.2-112-c9e894d]
	at net.minecraft.world.level.levelgen.structure.PoolElementStructurePiece.place(PoolElementStructurePiece.java:113) ~[paper-26.2.jar:26.2-112-c9e894d]
	at net.minecraft.world.level.levelgen.structure.PoolElementStructurePiece.postProcess(PoolElementStructurePiece.java:100) ~[paper-26.2.jar:26.2-112-c9e894d]
	at net.minecraft.world.level.levelgen.structure.StructureStart.placeInChunk(StructureStart.java:111) ~[paper-26.2.jar:26.2-112-c9e894d]
	at net.minecraft.world.level.chunk.ChunkGenerator.lambda$addVanillaDecorations$3(ChunkGenerator.java:379) ~[paper-26.2.jar:26.2-112-c9e894d]
	at com.google.common.collect.ImmutableList.forEach(ImmutableList.java:421) ~[guava-33.6.0-jre.jar:?]
	at net.minecraft.world.level.chunk.ChunkGenerator.addVanillaDecorations(ChunkGenerator.java:379) ~[paper-26.2.jar:26.2-112-c9e894d]
	at net.minecraft.world.level.chunk.ChunkGenerator.applyBiomeDecoration(ChunkGenerator.java:459) ~[paper-26.2.jar:26.2-112-c9e894d]
	at net.minecraft.world.level.chunk.ChunkGenerator.applyBiomeDecoration(ChunkGenerator.java:452) ~[paper-26.2.jar:26.2-112-c9e894d]
	at net.minecraft.world.level.chunk.status.ChunkStatusTasks.generateFeatures(ChunkStatusTasks.java:147) ~[paper-26.2.jar:26.2-112-c9e894d]
	at net.minecraft.world.level.chunk.status.ChunkStep.apply(ChunkStep.java:65) ~[paper-26.2.jar:26.2-112-c9e894d]
	at ca.spottedleaf.moonrise.patches.chunk_system.scheduling.task.ChunkUpgradeGenericStatusTask.run(ChunkUpgradeGenericStatusTask.java:97) ~[paper-26.2.jar:26.2-112-c9e894d]
	at ca.spottedleaf.concurrentutil.executor.queue.AreaDependentQueue$QueuedTask.run(AreaDependentQueue.java:1154) ~[leafpile-1.0.0.jar:?]
	at ca.spottedleaf.concurrentutil.executor.thread.BalancedPrioritisedThreadPool$OrderedStreamGroup$Queue.lambda$createTask$0(BalancedPrioritisedThreadPool.java:467) ~[leafpile-1.0.0.jar:?]
	at ca.spottedleaf.concurrentutil.executor.queue.PrioritisedTaskQueue$PrioritisedQueuedTask.execute(PrioritisedTaskQueue.java:345) ~[leafpile-1.0.0.jar:?]
	at ca.spottedleaf.concurrentutil.executor.thread.BalancedPrioritisedThreadPool$OrderedStreamGroup.executeTask(BalancedPrioritisedThreadPool.java:344) ~[leafpile-1.0.0.jar:?]
	at ca.spottedleaf.concurrentutil.executor.thread.BalancedPrioritisedThreadPool$WorkerThread.pollTasks(BalancedPrioritisedThreadPool.java:630) ~[leafpile-1.0.0.jar:?]
	at ca.spottedleaf.concurrentutil.executor.QueueExecutorRunnable.mainLoop(QueueExecutorRunnable.java:74) ~[leafpile-1.0.0.jar:?]
	at ca.spottedleaf.concurrentutil.executor.QueueExecutorRunnable.doRun(QueueExecutorRunnable.java:115) ~[leafpile-1.0.0.jar:?]
	at ca.spottedleaf.concurrentutil.executor.QueueExecutorRunnable.run(QueueExecutorRunnable.java:42) ~[leafpile-1.0.0.jar:?]
	at ca.spottedleaf.concurrentutil.util.LazyRunnable.run(LazyRunnable.java:25) ~[leafpile-1.0.0.jar:?]
	at java.base/java.lang.Thread.run(Thread.java:1474) ~[?:?]
[00:59:29 ERROR]: Error executing task on Server
java.lang.IllegalStateException: Thread failed main thread check: Accessing poi chunk off-main, context=thread=Paper Common Worker #0, world=minecraft:overworld, chunk_pos=[-63, 17]
	at ca.spottedleaf.moonrise.common.util.TickThread.ensureTickThread(TickThread.java:65) ~[paper-26.2.jar:26.2-112-c9e894d]
	at net.minecraft.world.entity.ai.village.poi.PoiManager.getOrLoad(PoiManager.java:89) ~[paper-26.2.jar:26.2-112-c9e894d]
	at net.minecraft.world.entity.ai.village.poi.PoiManager.exists(PoiManager.java:410) ~[paper-26.2.jar:26.2-112-c9e894d]
	at net.minecraft.server.level.ServerLevel.lambda$updatePOIOnBlockStateChange$3(ServerLevel.java:2400) ~[paper-26.2.jar:26.2-112-c9e894d]
	at net.minecraft.server.TickTask.run(TickTask.java:18) ~[paper-26.2.jar:26.2-112-c9e894d]
	at net.minecraft.util.thread.BlockableEventLoop.doRunTask(BlockableEventLoop.java:207) ~[paper-26.2.jar:26.2-112-c9e894d]
	at net.minecraft.util.thread.ReentrantBlockableEventLoop.doRunTask(ReentrantBlockableEventLoop.java:24) ~[paper-26.2.jar:26.2-112-c9e894d]
	at net.minecraft.server.MinecraftServer.doRunTask(MinecraftServer.java:1534) ~[paper-26.2.jar:26.2-112-c9e894d]
	at net.minecraft.server.MinecraftServer.doRunTask(MinecraftServer.java:192) ~[paper-26.2.jar:26.2-112-c9e894d]
	at net.minecraft.util.thread.BlockableEventLoop.execute(BlockableEventLoop.java:150) ~[paper-26.2.jar:26.2-112-c9e894d]
	at net.minecraft.server.level.ServerLevel.lambda$updatePOIOnBlockStateChange$2(ServerLevel.java:2398) ~[paper-26.2.jar:26.2-112-c9e894d]
	at java.base/java.util.Optional.ifPresent(Optional.java:178) ~[?:?]
	at net.minecraft.server.level.ServerLevel.updatePOIOnBlockStateChange(ServerLevel.java:2398) ~[paper-26.2.jar:26.2-112-c9e894d]
	at net.minecraft.server.level.WorldGenRegion.setBlock(WorldGenRegion.java:366) ~[paper-26.2.jar:26.2-112-c9e894d]
	at net.minecraft.world.level.LevelWriter.setBlock(LevelWriter.java:13) ~[paper-26.2.jar:26.2-112-c9e894d]
	at net.minecraft.world.level.levelgen.structure.templatesystem.StructureTemplate.placeInWorld(StructureTemplate.java:322) ~[paper-26.2.jar:26.2-112-c9e894d]
	at net.minecraft.world.level.levelgen.structure.pools.SinglePoolElement.place(SinglePoolElement.java:152) ~[paper-26.2.jar:26.2-112-c9e894d]
	at net.minecraft.world.level.levelgen.structure.PoolElementStructurePiece.place(PoolElementStructurePiece.java:113) ~[paper-26.2.jar:26.2-112-c9e894d]
	at net.minecraft.world.level.levelgen.structure.PoolElementStructurePiece.postProcess(PoolElementStructurePiece.java:100) ~[paper-26.2.jar:26.2-112-c9e894d]
	at net.minecraft.world.level.levelgen.structure.StructureStart.placeInChunk(StructureStart.java:111) ~[paper-26.2.jar:26.2-112-c9e894d]
	at net.minecraft.world.level.chunk.ChunkGenerator.lambda$addVanillaDecorations$3(ChunkGenerator.java:379) ~[paper-26.2.jar:26.2-112-c9e894d]
	at com.google.common.collect.ImmutableList.forEach(ImmutableList.java:421) ~[guava-33.6.0-jre.jar:?]
	at net.minecraft.world.level.chunk.ChunkGenerator.addVanillaDecorations(ChunkGenerator.java:379) ~[paper-26.2.jar:26.2-112-c9e894d]
	at net.minecraft.world.level.chunk.ChunkGenerator.applyBiomeDecoration(ChunkGenerator.java:459) ~[paper-26.2.jar:26.2-112-c9e894d]
	at net.minecraft.world.level.chunk.ChunkGenerator.applyBiomeDecoration(ChunkGenerator.java:452) ~[paper-26.2.jar:26.2-112-c9e894d]
	at net.minecraft.world.level.chunk.status.ChunkStatusTasks.generateFeatures(ChunkStatusTasks.java:147) ~[paper-26.2.jar:26.2-112-c9e894d]
	at net.minecraft.world.level.chunk.status.ChunkStep.apply(ChunkStep.java:65) ~[paper-26.2.jar:26.2-112-c9e894d]
	at ca.spottedleaf.moonrise.patches.chunk_system.scheduling.task.ChunkUpgradeGenericStatusTask.run(ChunkUpgradeGenericStatusTask.java:97) ~[paper-26.2.jar:26.2-112-c9e894d]
	at ca.spottedleaf.concurrentutil.executor.queue.AreaDependentQueue$QueuedTask.run(AreaDependentQueue.java:1154) ~[leafpile-1.0.0.jar:?]
	at ca.spottedleaf.concurrentutil.executor.thread.BalancedPrioritisedThreadPool$OrderedStreamGroup$Queue.lambda$createTask$0(BalancedPrioritisedThreadPool.java:467) ~[leafpile-1.0.0.jar:?]
	at ca.spottedleaf.concurrentutil.executor.queue.PrioritisedTaskQueue$PrioritisedQueuedTask.execute(PrioritisedTaskQueue.java:345) ~[leafpile-1.0.0.jar:?]
	at ca.spottedleaf.concurrentutil.executor.thread.BalancedPrioritisedThreadPool$OrderedStreamGroup.executeTask(BalancedPrioritisedThreadPool.java:344) ~[leafpile-1.0.0.jar:?]
	at ca.spottedleaf.concurrentutil.executor.thread.BalancedPrioritisedThreadPool$WorkerThread.pollTasks(BalancedPrioritisedThreadPool.java:630) ~[leafpile-1.0.0.jar:?]
	at ca.spottedleaf.concurrentutil.executor.QueueExecutorRunnable.mainLoop(QueueExecutorRunnable.java:74) ~[leafpile-1.0.0.jar:?]
	at ca.spottedleaf.concurrentutil.executor.QueueExecutorRunnable.doRun(QueueExecutorRunnable.java:115) ~[leafpile-1.0.0.jar:?]
	at ca.spottedleaf.concurrentutil.executor.QueueExecutorRunnable.run(QueueExecutorRunnable.java:42) ~[leafpile-1.0.0.jar:?]
	at ca.spottedleaf.concurrentutil.util.LazyRunnable.run(LazyRunnable.java:25) ~[leafpile-1.0.0.jar:?]
	at java.base/java.lang.Thread.run(Thread.java:1474) ~[?:?]
[00:59:29 ERROR]: [ca.spottedleaf.moonrise.common.util.TickThread] Thread failed main thread check: Accessing poi chunk off-main, context=thread=Paper Common Worker #0, world=minecraft:overworld, chunk_pos=[-63, 17]
java.lang.Throwable
	at ca.spottedleaf.moonrise.common.util.TickThread.ensureTickThread(TickThread.java:64) ~[paper-26.2.jar:26.2-112-c9e894d]
	at net.minecraft.world.entity.ai.village.poi.PoiManager.getOrLoad(PoiManager.java:89) ~[paper-26.2.jar:26.2-112-c9e894d]
	at net.minecraft.world.entity.ai.village.poi.PoiManager.exists(PoiManager.java:410) ~[paper-26.2.jar:26.2-112-c9e894d]
	at net.minecraft.server.level.ServerLevel.lambda$updatePOIOnBlockStateChange$3(ServerLevel.java:2400) ~[paper-26.2.jar:26.2-112-c9e894d]
	at net.minecraft.server.TickTask.run(TickTask.java:18) ~[paper-26.2.jar:26.2-112-c9e894d]
	at net.minecraft.util.thread.BlockableEventLoop.doRunTask(BlockableEventLoop.java:207) ~[paper-26.2.jar:26.2-112-c9e894d]
	at net.minecraft.util.thread.ReentrantBlockableEventLoop.doRunTask(ReentrantBlockableEventLoop.java:24) ~[paper-26.2.jar:26.2-112-c9e894d]
	at net.minecraft.server.MinecraftServer.doRunTask(MinecraftServer.java:1534) ~[paper-26.2.jar:26.2-112-c9e894d]
	at net.minecraft.server.MinecraftServer.doRunTask(MinecraftServer.java:192) ~[paper-26.2.jar:26.2-112-c9e894d]
	at net.minecraft.util.thread.BlockableEventLoop.execute(BlockableEventLoop.java:150) ~[paper-26.2.jar:26.2-112-c9e894d]
	at net.minecraft.server.level.ServerLevel.lambda$updatePOIOnBlockStateChange$2(ServerLevel.java:2398) ~[paper-26.2.jar:26.2-112-c9e894d]
	at java.base/java.util.Optional.ifPresent(Optional.java:178) ~[?:?]
	at net.minecraft.server.level.ServerLevel.updatePOIOnBlockStateChange(ServerLevel.java:2398) ~[paper-26.2.jar:26.2-112-c9e894d]
	at net.minecraft.server.level.WorldGenRegion.setBlock(WorldGenRegion.java:366) ~[paper-26.2.jar:26.2-112-c9e894d]
	at net.minecraft.world.level.LevelWriter.setBlock(LevelWriter.java:13) ~[paper-26.2.jar:26.2-112-c9e894d]
	at net.minecraft.world.level.levelgen.structure.templatesystem.StructureTemplate.placeInWorld(StructureTemplate.java:322) ~[paper-26.2.jar:26.2-112-c9e894d]
	at net.minecraft.world.level.levelgen.structure.pools.SinglePoolElement.place(SinglePoolElement.java:152) ~[paper-26.2.jar:26.2-112-c9e894d]
	at net.minecraft.world.level.levelgen.structure.PoolElementStructurePiece.place(PoolElementStructurePiece.java:113) ~[paper-26.2.jar:26.2-112-c9e894d]
	at net.minecraft.world.level.levelgen.structure.PoolElementStructurePiece.postProcess(PoolElementStructurePiece.java:100) ~[paper-26.2.jar:26.2-112-c9e894d]
	at net.minecraft.world.level.levelgen.structure.StructureStart.placeInChunk(StructureStart.java:111) ~[paper-26.2.jar:26.2-112-c9e894d]
	at net.minecraft.world.level.chunk.ChunkGenerator.lambda$addVanillaDecorations$3(ChunkGenerator.java:379) ~[paper-26.2.jar:26.2-112-c9e894d]
	at com.google.common.collect.ImmutableList.forEach(ImmutableList.java:421) ~[guava-33.6.0-jre.jar:?]
	at net.minecraft.world.level.chunk.ChunkGenerator.addVanillaDecorations(ChunkGenerator.java:379) ~[paper-26.2.jar:26.2-112-c9e894d]
	at net.minecraft.world.level.chunk.ChunkGenerator.applyBiomeDecoration(ChunkGenerator.java:459) ~[paper-26.2.jar:26.2-112-c9e894d]
	at net.minecraft.world.level.chunk.ChunkGenerator.applyBiomeDecoration(ChunkGenerator.java:452) ~[paper-26.2.jar:26.2-112-c9e894d]
	at net.minecraft.world.level.chunk.status.ChunkStatusTasks.generateFeatures(ChunkStatusTasks.java:147) ~[paper-26.2.jar:26.2-112-c9e894d]
	at net.minecraft.world.level.chunk.status.ChunkStep.apply(ChunkStep.java:65) ~[paper-26.2.jar:26.2-112-c9e894d]
	at ca.spottedleaf.moonrise.patches.chunk_system.scheduling.task.ChunkUpgradeGenericStatusTask.run(ChunkUpgradeGenericStatusTask.java:97) ~[paper-26.2.jar:26.2-112-c9e894d]
	at ca.spottedleaf.concurrentutil.executor.queue.AreaDependentQueue$QueuedTask.run(AreaDependentQueue.java:1154) ~[leafpile-1.0.0.jar:?]
	at ca.spottedleaf.concurrentutil.executor.thread.BalancedPrioritisedThreadPool$OrderedStreamGroup$Queue.lambda$createTask$0(BalancedPrioritisedThreadPool.java:467) ~[leafpile-1.0.0.jar:?]
	at ca.spottedleaf.concurrentutil.executor.queue.PrioritisedTaskQueue$PrioritisedQueuedTask.execute(PrioritisedTaskQueue.java:345) ~[leafpile-1.0.0.jar:?]
	at ca.spottedleaf.concurrentutil.executor.thread.BalancedPrioritisedThreadPool$OrderedStreamGroup.executeTask(BalancedPrioritisedThreadPool.java:344) ~[leafpile-1.0.0.jar:?]
	at ca.spottedleaf.concurrentutil.executor.thread.BalancedPrioritisedThreadPool$WorkerThread.pollTasks(BalancedPrioritisedThreadPool.java:630) ~[leafpile-1.0.0.jar:?]
	at ca.spottedleaf.concurrentutil.executor.QueueExecutorRunnable.mainLoop(QueueExecutorRunnable.java:74) ~[leafpile-1.0.0.jar:?]
	at ca.spottedleaf.concurrentutil.executor.QueueExecutorRunnable.doRun(QueueExecutorRunnable.java:115) ~[leafpile-1.0.0.jar:?]
	at ca.spottedleaf.concurrentutil.executor.QueueExecutorRunnable.run(QueueExecutorRunnable.java:42) ~[leafpile-1.0.0.jar:?]
	at ca.spottedleaf.concurrentutil.util.LazyRunnable.run(LazyRunnable.java:25) ~[leafpile-1.0.0.jar:?]
	at java.base/java.lang.Thread.run(Thread.java:1474) ~[?:?]
[00:59:29 ERROR]: Error executing task on Server
java.lang.IllegalStateException: Thread failed main thread check: Accessing poi chunk off-main, context=thread=Paper Common Worker #0, world=minecraft:overworld, chunk_pos=[-63, 17]
	at ca.spottedleaf.moonrise.common.util.TickThread.ensureTickThread(TickThread.java:65) ~[paper-26.2.jar:26.2-112-c9e894d]
	at net.minecraft.world.entity.ai.village.poi.PoiManager.getOrLoad(PoiManager.java:89) ~[paper-26.2.jar:26.2-112-c9e894d]
	at net.minecraft.world.entity.ai.village.poi.PoiManager.exists(PoiManager.java:410) ~[paper-26.2.jar:26.2-112-c9e894d]
	at net.minecraft.server.level.ServerLevel.lambda$updatePOIOnBlockStateChange$3(ServerLevel.java:2400) ~[paper-26.2.jar:26.2-112-c9e894d]
	at net.minecraft.server.TickTask.run(TickTask.java:18) ~[paper-26.2.jar:26.2-112-c9e894d]
	at net.minecraft.util.thread.BlockableEventLoop.doRunTask(BlockableEventLoop.java:207) ~[paper-26.2.jar:26.2-112-c9e894d]
	at net.minecraft.util.thread.ReentrantBlockableEventLoop.doRunTask(ReentrantBlockableEventLoop.java:24) ~[paper-26.2.jar:26.2-112-c9e894d]
	at net.minecraft.server.MinecraftServer.doRunTask(MinecraftServer.java:1534) ~[paper-26.2.jar:26.2-112-c9e894d]
	at net.minecraft.server.MinecraftServer.doRunTask(MinecraftServer.java:192) ~[paper-26.2.jar:26.2-112-c9e894d]
	at net.minecraft.util.thread.BlockableEventLoop.execute(BlockableEventLoop.java:150) ~[paper-26.2.jar:26.2-112-c9e894d]
	at net.minecraft.server.level.ServerLevel.lambda$updatePOIOnBlockStateChange$2(ServerLevel.java:2398) ~[paper-26.2.jar:26.2-112-c9e894d]
	at java.base/java.util.Optional.ifPresent(Optional.java:178) ~[?:?]
	at net.minecraft.server.level.ServerLevel.updatePOIOnBlockStateChange(ServerLevel.java:2398) ~[paper-26.2.jar:26.2-112-c9e894d]
	at net.minecraft.server.level.WorldGenRegion.setBlock(WorldGenRegion.java:366) ~[paper-26.2.jar:26.2-112-c9e894d]
	at net.minecraft.world.level.LevelWriter.setBlock(LevelWriter.java:13) ~[paper-26.2.jar:26.2-112-c9e894d]
	at net.minecraft.world.level.levelgen.structure.templatesystem.StructureTemplate.placeInWorld(StructureTemplate.java:322) ~[paper-26.2.jar:26.2-112-c9e894d]
	at net.minecraft.world.level.levelgen.structure.pools.SinglePoolElement.place(SinglePoolElement.java:152) ~[paper-26.2.jar:26.2-112-c9e894d]
	at net.minecraft.world.level.levelgen.structure.PoolElementStructurePiece.place(PoolElementStructurePiece.java:113) ~[paper-26.2.jar:26.2-112-c9e894d]
	at net.minecraft.world.level.levelgen.structure.PoolElementStructurePiece.postProcess(PoolElementStructurePiece.java:100) ~[paper-26.2.jar:26.2-112-c9e894d]
	at net.minecraft.world.level.levelgen.structure.StructureStart.placeInChunk(StructureStart.java:111) ~[paper-26.2.jar:26.2-112-c9e894d]
	at net.minecraft.world.level.chunk.ChunkGenerator.lambda$addVanillaDecorations$3(ChunkGenerator.java:379) ~[paper-26.2.jar:26.2-112-c9e894d]
	at com.google.common.collect.ImmutableList.forEach(ImmutableList.java:421) ~[guava-33.6.0-jre.jar:?]
	at net.minecraft.world.level.chunk.ChunkGenerator.addVanillaDecorations(ChunkGenerator.java:379) ~[paper-26.2.jar:26.2-112-c9e894d]
	at net.minecraft.world.level.chunk.ChunkGenerator.applyBiomeDecoration(ChunkGenerator.java:459) ~[paper-26.2.jar:26.2-112-c9e894d]
	at net.minecraft.world.level.chunk.ChunkGenerator.applyBiomeDecoration(ChunkGenerator.java:452) ~[paper-26.2.jar:26.2-112-c9e894d]
	at net.minecraft.world.level.chunk.status.ChunkStatusTasks.generateFeatures(ChunkStatusTasks.java:147) ~[paper-26.2.jar:26.2-112-c9e894d]
	at net.minecraft.world.level.chunk.status.ChunkStep.apply(ChunkStep.java:65) ~[paper-26.2.jar:26.2-112-c9e894d]
	at ca.spottedleaf.moonrise.patches.chunk_system.scheduling.task.ChunkUpgradeGenericStatusTask.run(ChunkUpgradeGenericStatusTask.java:97) ~[paper-26.2.jar:26.2-112-c9e894d]
	at ca.spottedleaf.concurrentutil.executor.queue.AreaDependentQueue$QueuedTask.run(AreaDependentQueue.java:1154) ~[leafpile-1.0.0.jar:?]
	at ca.spottedleaf.concurrentutil.executor.thread.BalancedPrioritisedThreadPool$OrderedStreamGroup$Queue.lambda$createTask$0(BalancedPrioritisedThreadPool.java:467) ~[leafpile-1.0.0.jar:?]
	at ca.spottedleaf.concurrentutil.executor.queue.PrioritisedTaskQueue$PrioritisedQueuedTask.execute(PrioritisedTaskQueue.java:345) ~[leafpile-1.0.0.jar:?]
	at ca.spottedleaf.concurrentutil.executor.thread.BalancedPrioritisedThreadPool$OrderedStreamGroup.executeTask(BalancedPrioritisedThreadPool.java:344) ~[leafpile-1.0.0.jar:?]
	at ca.spottedleaf.concurrentutil.executor.thread.BalancedPrioritisedThreadPool$WorkerThread.pollTasks(BalancedPrioritisedThreadPool.java:630) ~[leafpile-1.0.0.jar:?]
	at ca.spottedleaf.concurrentutil.executor.QueueExecutorRunnable.mainLoop(QueueExecutorRunnable.java:74) ~[leafpile-1.0.0.jar:?]
	at ca.spottedleaf.concurrentutil.executor.QueueExecutorRunnable.doRun(QueueExecutorRunnable.java:115) ~[leafpile-1.0.0.jar:?]
	at ca.spottedleaf.concurrentutil.executor.QueueExecutorRunnable.run(QueueExecutorRunnable.java:42) ~[leafpile-1.0.0.jar:?]
	at ca.spottedleaf.concurrentutil.util.LazyRunnable.run(LazyRunnable.java:25) ~[leafpile-1.0.0.jar:?]
	at java.base/java.lang.Thread.run(Thread.java:1474) ~[?:?]
[00:59:29 ERROR]: [ca.spottedleaf.moonrise.common.util.TickThread] Thread failed main thread check: Accessing poi chunk off-main, context=thread=Paper Common Worker #0, world=minecraft:overworld, chunk_pos=[-63, 17]
java.lang.Throwable
	at ca.spottedleaf.moonrise.common.util.TickThread.ensureTickThread(TickThread.java:64) ~[paper-26.2.jar:26.2-112-c9e894d]
	at net.minecraft.world.entity.ai.village.poi.PoiManager.getOrLoad(PoiManager.java:89) ~[paper-26.2.jar:26.2-112-c9e894d]
	at net.minecraft.world.entity.ai.village.poi.PoiManager.exists(PoiManager.java:410) ~[paper-26.2.jar:26.2-112-c9e894d]
	at net.minecraft.server.level.ServerLevel.lambda$updatePOIOnBlockStateChange$3(ServerLevel.java:2400) ~[paper-26.2.jar:26.2-112-c9e894d]
	at net.minecraft.server.TickTask.run(TickTask.java:18) ~[paper-26.2.jar:26.2-112-c9e894d]
	at net.minecraft.util.thread.BlockableEventLoop.doRunTask(BlockableEventLoop.java:207) ~[paper-26.2.jar:26.2-112-c9e894d]
	at net.minecraft.util.thread.ReentrantBlockableEventLoop.doRunTask(ReentrantBlockableEventLoop.java:24) ~[paper-26.2.jar:26.2-112-c9e894d]
	at net.minecraft.server.MinecraftServer.doRunTask(MinecraftServer.java:1534) ~[paper-26.2.jar:26.2-112-c9e894d]
	at net.minecraft.server.MinecraftServer.doRunTask(MinecraftServer.java:192) ~[paper-26.2.jar:26.2-112-c9e894d]
	at net.minecraft.util.thread.BlockableEventLoop.execute(BlockableEventLoop.java:150) ~[paper-26.2.jar:26.2-112-c9e894d]
	at net.minecraft.server.level.ServerLevel.lambda$updatePOIOnBlockStateChange$2(ServerLevel.java:2398) ~[paper-26.2.jar:26.2-112-c9e894d]
	at java.base/java.util.Optional.ifPresent(Optional.java:178) ~[?:?]
	at net.minecraft.server.level.ServerLevel.updatePOIOnBlockStateChange(ServerLevel.java:2398) ~[paper-26.2.jar:26.2-112-c9e894d]
	at net.minecraft.server.level.WorldGenRegion.setBlock(WorldGenRegion.java:366) ~[paper-26.2.jar:26.2-112-c9e894d]
	at net.minecraft.world.level.LevelWriter.setBlock(LevelWriter.java:13) ~[paper-26.2.jar:26.2-112-c9e894d]
	at net.minecraft.world.level.levelgen.structure.templatesystem.StructureTemplate.placeInWorld(StructureTemplate.java:322) ~[paper-26.2.jar:26.2-112-c9e894d]
	at net.minecraft.world.level.levelgen.structure.pools.SinglePoolElement.place(SinglePoolElement.java:152) ~[paper-26.2.jar:26.2-112-c9e894d]
	at net.minecraft.world.level.levelgen.structure.PoolElementStructurePiece.place(PoolElementStructurePiece.java:113) ~[paper-26.2.jar:26.2-112-c9e894d]
	at net.minecraft.world.level.levelgen.structure.PoolElementStructurePiece.postProcess(PoolElementStructurePiece.java:100) ~[paper-26.2.jar:26.2-112-c9e894d]
	at net.minecraft.world.level.levelgen.structure.StructureStart.placeInChunk(StructureStart.java:111) ~[paper-26.2.jar:26.2-112-c9e894d]
	at net.minecraft.world.level.chunk.ChunkGenerator.lambda$addVanillaDecorations$3(ChunkGenerator.java:379) ~[paper-26.2.jar:26.2-112-c9e894d]
	at com.google.common.collect.ImmutableList.forEach(ImmutableList.java:421) ~[guava-33.6.0-jre.jar:?]
	at net.minecraft.world.level.chunk.ChunkGenerator.addVanillaDecorations(ChunkGenerator.java:379) ~[paper-26.2.jar:26.2-112-c9e894d]
	at net.minecraft.world.level.chunk.ChunkGenerator.applyBiomeDecoration(ChunkGenerator.java:459) ~[paper-26.2.jar:26.2-112-c9e894d]
	at net.minecraft.world.level.chunk.ChunkGenerator.applyBiomeDecoration(ChunkGenerator.java:452) ~[paper-26.2.jar:26.2-112-c9e894d]
	at net.minecraft.world.level.chunk.status.ChunkStatusTasks.generateFeatures(ChunkStatusTasks.java:147) ~[paper-26.2.jar:26.2-112-c9e894d]
	at net.minecraft.world.level.chunk.status.ChunkStep.apply(ChunkStep.java:65) ~[paper-26.2.jar:26.2-112-c9e894d]
	at ca.spottedleaf.moonrise.patches.chunk_system.scheduling.task.ChunkUpgradeGenericStatusTask.run(ChunkUpgradeGenericStatusTask.java:97) ~[paper-26.2.jar:26.2-112-c9e894d]
	at ca.spottedleaf.concurrentutil.executor.queue.AreaDependentQueue$QueuedTask.run(AreaDependentQueue.java:1154) ~[leafpile-1.0.0.jar:?]
	at ca.spottedleaf.concurrentutil.executor.thread.BalancedPrioritisedThreadPool$OrderedStreamGroup$Queue.lambda$createTask$0(BalancedPrioritisedThreadPool.java:467) ~[leafpile-1.0.0.jar:?]
	at ca.spottedleaf.concurrentutil.executor.queue.PrioritisedTaskQueue$PrioritisedQueuedTask.execute(PrioritisedTaskQueue.java:345) ~[leafpile-1.0.0.jar:?]
	at ca.spottedleaf.concurrentutil.executor.thread.BalancedPrioritisedThreadPool$OrderedStreamGroup.executeTask(BalancedPrioritisedThreadPool.java:344) ~[leafpile-1.0.0.jar:?]
	at ca.spottedleaf.concurrentutil.executor.thread.BalancedPrioritisedThreadPool$WorkerThread.pollTasks(BalancedPrioritisedThreadPool.java:630) ~[leafpile-1.0.0.jar:?]
	at ca.spottedleaf.concurrentutil.executor.QueueExecutorRunnable.mainLoop(QueueExecutorRunnable.java:74) ~[leafpile-1.0.0.jar:?]
	at ca.spottedleaf.concurrentutil.executor.QueueExecutorRunnable.doRun(QueueExecutorRunnable.java:115) ~[leafpile-1.0.0.jar:?]
	at ca.spottedleaf.concurrentutil.executor.QueueExecutorRunnable.run(QueueExecutorRunnable.java:42) ~[leafpile-1.0.0.jar:?]
	at ca.spottedleaf.concurrentutil.util.LazyRunnable.run(LazyRunnable.java:25) ~[leafpile-1.0.0.jar:?]
	at java.base/java.lang.Thread.run(Thread.java:1474) ~[?:?]
[00:59:29 ERROR]: Error executing task on Server
java.lang.IllegalStateException: Thread failed main thread check: Accessing poi chunk off-main, context=thread=Paper Common Worker #0, world=minecraft:overworld, chunk_pos=[-63, 17]
	at ca.spottedleaf.moonrise.common.util.TickThread.ensureTickThread(TickThread.java:65) ~[paper-26.2.jar:26.2-112-c9e894d]
	at net.minecraft.world.entity.ai.village.poi.PoiManager.getOrLoad(PoiManager.java:89) ~[paper-26.2.jar:26.2-112-c9e894d]
	at net.minecraft.world.entity.ai.village.poi.PoiManager.exists(PoiManager.java:410) ~[paper-26.2.jar:26.2-112-c9e894d]
	at net.minecraft.server.level.ServerLevel.lambda$updatePOIOnBlockStateChange$3(ServerLevel.java:2400) ~[paper-26.2.jar:26.2-112-c9e894d]
	at net.minecraft.server.TickTask.run(TickTask.java:18) ~[paper-26.2.jar:26.2-112-c9e894d]
	at net.minecraft.util.thread.BlockableEventLoop.doRunTask(BlockableEventLoop.java:207) ~[paper-26.2.jar:26.2-112-c9e894d]
	at net.minecraft.util.thread.ReentrantBlockableEventLoop.doRunTask(ReentrantBlockableEventLoop.java:24) ~[paper-26.2.jar:26.2-112-c9e894d]
	at net.minecraft.server.MinecraftServer.doRunTask(MinecraftServer.java:1534) ~[paper-26.2.jar:26.2-112-c9e894d]
	at net.minecraft.server.MinecraftServer.doRunTask(MinecraftServer.java:192) ~[paper-26.2.jar:26.2-112-c9e894d]
	at net.minecraft.util.thread.BlockableEventLoop.execute(BlockableEventLoop.java:150) ~[paper-26.2.jar:26.2-112-c9e894d]
	at net.minecraft.server.level.ServerLevel.lambda$updatePOIOnBlockStateChange$2(ServerLevel.java:2398) ~[paper-26.2.jar:26.2-112-c9e894d]
	at java.base/java.util.Optional.ifPresent(Optional.java:178) ~[?:?]
	at net.minecraft.server.level.ServerLevel.updatePOIOnBlockStateChange(ServerLevel.java:2398) ~[paper-26.2.jar:26.2-112-c9e894d]
	at net.minecraft.server.level.WorldGenRegion.setBlock(WorldGenRegion.java:366) ~[paper-26.2.jar:26.2-112-c9e894d]
	at net.minecraft.world.level.LevelWriter.setBlock(LevelWriter.java:13) ~[paper-26.2.jar:26.2-112-c9e894d]
	at net.minecraft.world.level.levelgen.structure.templatesystem.StructureTemplate.placeInWorld(StructureTemplate.java:322) ~[paper-26.2.jar:26.2-112-c9e894d]
	at net.minecraft.world.level.levelgen.structure.pools.SinglePoolElement.place(SinglePoolElement.java:152) ~[paper-26.2.jar:26.2-112-c9e894d]
	at net.minecraft.world.level.levelgen.structure.PoolElementStructurePiece.place(PoolElementStructurePiece.java:113) ~[paper-26.2.jar:26.2-112-c9e894d]
	at net.minecraft.world.level.levelgen.structure.PoolElementStructurePiece.postProcess(PoolElementStructurePiece.java:100) ~[paper-26.2.jar:26.2-112-c9e894d]
	at net.minecraft.world.level.levelgen.structure.StructureStart.placeInChunk(StructureStart.java:111) ~[paper-26.2.jar:26.2-112-c9e894d]
	at net.minecraft.world.level.chunk.ChunkGenerator.lambda$addVanillaDecorations$3(ChunkGenerator.java:379) ~[paper-26.2.jar:26.2-112-c9e894d]
	at com.google.common.collect.ImmutableList.forEach(ImmutableList.java:421) ~[guava-33.6.0-jre.jar:?]
	at net.minecraft.world.level.chunk.ChunkGenerator.addVanillaDecorations(ChunkGenerator.java:379) ~[paper-26.2.jar:26.2-112-c9e894d]
	at net.minecraft.world.level.chunk.ChunkGenerator.applyBiomeDecoration(ChunkGenerator.java:459) ~[paper-26.2.jar:26.2-112-c9e894d]
	at net.minecraft.world.level.chunk.ChunkGenerator.applyBiomeDecoration(ChunkGenerator.java:452) ~[paper-26.2.jar:26.2-112-c9e894d]
	at net.minecraft.world.level.chunk.status.ChunkStatusTasks.generateFeatures(ChunkStatusTasks.java:147) ~[paper-26.2.jar:26.2-112-c9e894d]
	at net.minecraft.world.level.chunk.status.ChunkStep.apply(ChunkStep.java:65) ~[paper-26.2.jar:26.2-112-c9e894d]
	at ca.spottedleaf.moonrise.patches.chunk_system.scheduling.task.ChunkUpgradeGenericStatusTask.run(ChunkUpgradeGenericStatusTask.java:97) ~[paper-26.2.jar:26.2-112-c9e894d]
	at ca.spottedleaf.concurrentutil.executor.queue.AreaDependentQueue$QueuedTask.run(AreaDependentQueue.java:1154) ~[leafpile-1.0.0.jar:?]
	at ca.spottedleaf.concurrentutil.executor.thread.BalancedPrioritisedThreadPool$OrderedStreamGroup$Queue.lambda$createTask$0(BalancedPrioritisedThreadPool.java:467) ~[leafpile-1.0.0.jar:?]
	at ca.spottedleaf.concurrentutil.executor.queue.PrioritisedTaskQueue$PrioritisedQueuedTask.execute(PrioritisedTaskQueue.java:345) ~[leafpile-1.0.0.jar:?]
	at ca.spottedleaf.concurrentutil.executor.thread.BalancedPrioritisedThreadPool$OrderedStreamGroup.executeTask(BalancedPrioritisedThreadPool.java:344) ~[leafpile-1.0.0.jar:?]
	at ca.spottedleaf.concurrentutil.executor.thread.BalancedPrioritisedThreadPool$WorkerThread.pollTasks(BalancedPrioritisedThreadPool.java:630) ~[leafpile-1.0.0.jar:?]
	at ca.spottedleaf.concurrentutil.executor.QueueExecutorRunnable.mainLoop(QueueExecutorRunnable.java:74) ~[leafpile-1.0.0.jar:?]
	at ca.spottedleaf.concurrentutil.executor.QueueExecutorRunnable.doRun(QueueExecutorRunnable.java:115) ~[leafpile-1.0.0.jar:?]
	at ca.spottedleaf.concurrentutil.executor.QueueExecutorRunnable.run(QueueExecutorRunnable.java:42) ~[leafpile-1.0.0.jar:?]
	at ca.spottedleaf.concurrentutil.util.LazyRunnable.run(LazyRunnable.java:25) ~[leafpile-1.0.0.jar:?]
	at java.base/java.lang.Thread.run(Thread.java:1474) ~[?:?]
[00:59:30 ERROR]: [ca.spottedleaf.moonrise.common.util.TickThread] Thread failed main thread check: Accessing poi chunk off-main, context=thread=Paper Common Worker #2, world=minecraft:overworld, chunk_pos=[-64, 17]
java.lang.Throwable
	at ca.spottedleaf.moonrise.common.util.TickThread.ensureTickThread(TickThread.java:64) ~[paper-26.2.jar:26.2-112-c9e894d]
	at net.minecraft.world.entity.ai.village.poi.PoiManager.getOrLoad(PoiManager.java:89) ~[paper-26.2.jar:26.2-112-c9e894d]
	at net.minecraft.world.entity.ai.village.poi.PoiManager.exists(PoiManager.java:410) ~[paper-26.2.jar:26.2-112-c9e894d]
	at net.minecraft.server.level.ServerLevel.lambda$updatePOIOnBlockStateChange$3(ServerLevel.java:2400) ~[paper-26.2.jar:26.2-112-c9e894d]
	at net.minecraft.server.TickTask.run(TickTask.java:18) ~[paper-26.2.jar:26.2-112-c9e894d]
	at net.minecraft.util.thread.BlockableEventLoop.doRunTask(BlockableEventLoop.java:207) ~[paper-26.2.jar:26.2-112-c9e894d]
	at net.minecraft.util.thread.ReentrantBlockableEventLoop.doRunTask(ReentrantBlockableEventLoop.java:24) ~[paper-26.2.jar:26.2-112-c9e894d]
	at net.minecraft.server.MinecraftServer.doRunTask(MinecraftServer.java:1534) ~[paper-26.2.jar:26.2-112-c9e894d]
	at net.minecraft.server.MinecraftServer.doRunTask(MinecraftServer.java:192) ~[paper-26.2.jar:26.2-112-c9e894d]
	at net.minecraft.util.thread.BlockableEventLoop.execute(BlockableEventLoop.java:150) ~[paper-26.2.jar:26.2-112-c9e894d]
	at net.minecraft.server.level.ServerLevel.lambda$updatePOIOnBlockStateChange$2(ServerLevel.java:2398) ~[paper-26.2.jar:26.2-112-c9e894d]
	at java.base/java.util.Optional.ifPresent(Optional.java:178) ~[?:?]
	at net.minecraft.server.level.ServerLevel.updatePOIOnBlockStateChange(ServerLevel.java:2398) ~[paper-26.2.jar:26.2-112-c9e894d]
	at net.minecraft.server.level.WorldGenRegion.setBlock(WorldGenRegion.java:366) ~[paper-26.2.jar:26.2-112-c9e894d]
	at net.minecraft.world.level.LevelWriter.setBlock(LevelWriter.java:13) ~[paper-26.2.jar:26.2-112-c9e894d]
	at net.minecraft.world.level.levelgen.structure.templatesystem.StructureTemplate.placeInWorld(StructureTemplate.java:322) ~[paper-26.2.jar:26.2-112-c9e894d]
	at net.minecraft.world.level.levelgen.structure.pools.SinglePoolElement.place(SinglePoolElement.java:152) ~[paper-26.2.jar:26.2-112-c9e894d]
	at net.minecraft.world.level.levelgen.structure.PoolElementStructurePiece.place(PoolElementStructurePiece.java:113) ~[paper-26.2.jar:26.2-112-c9e894d]
	at net.minecraft.world.level.levelgen.structure.PoolElementStructurePiece.postProcess(PoolElementStructurePiece.java:100) ~[paper-26.2.jar:26.2-112-c9e894d]
	at net.minecraft.world.level.levelgen.structure.StructureStart.placeInChunk(StructureStart.java:111) ~[paper-26.2.jar:26.2-112-c9e894d]
	at net.minecraft.world.level.chunk.ChunkGenerator.lambda$addVanillaDecorations$3(ChunkGenerator.java:379) ~[paper-26.2.jar:26.2-112-c9e894d]
	at com.google.common.collect.ImmutableList.forEach(ImmutableList.java:421) ~[guava-33.6.0-jre.jar:?]
	at net.minecraft.world.level.chunk.ChunkGenerator.addVanillaDecorations(ChunkGenerator.java:379) ~[paper-26.2.jar:26.2-112-c9e894d]
	at net.minecraft.world.level.chunk.ChunkGenerator.applyBiomeDecoration(ChunkGenerator.java:459) ~[paper-26.2.jar:26.2-112-c9e894d]
	at net.minecraft.world.level.chunk.ChunkGenerator.applyBiomeDecoration(ChunkGenerator.java:452) ~[paper-26.2.jar:26.2-112-c9e894d]
	at net.minecraft.world.level.chunk.status.ChunkStatusTasks.generateFeatures(ChunkStatusTasks.java:147) ~[paper-26.2.jar:26.2-112-c9e894d]
	at net.minecraft.world.level.chunk.status.ChunkStep.apply(ChunkStep.java:65) ~[paper-26.2.jar:26.2-112-c9e894d]
	at ca.spottedleaf.moonrise.patches.chunk_system.scheduling.task.ChunkUpgradeGenericStatusTask.run(ChunkUpgradeGenericStatusTask.java:97) ~[paper-26.2.jar:26.2-112-c9e894d]
	at ca.spottedleaf.concurrentutil.executor.queue.AreaDependentQueue$QueuedTask.run(AreaDependentQueue.java:1154) ~[leafpile-1.0.0.jar:?]
	at ca.spottedleaf.concurrentutil.executor.thread.BalancedPrioritisedThreadPool$OrderedStreamGroup$Queue.lambda$createTask$0(BalancedPrioritisedThreadPool.java:467) ~[leafpile-1.0.0.jar:?]
	at ca.spottedleaf.concurrentutil.executor.queue.PrioritisedTaskQueue$PrioritisedQueuedTask.execute(PrioritisedTaskQueue.java:345) ~[leafpile-1.0.0.jar:?]
	at ca.spottedleaf.concurrentutil.executor.thread.BalancedPrioritisedThreadPool$OrderedStreamGroup.executeTask(BalancedPrioritisedThreadPool.java:344) ~[leafpile-1.0.0.jar:?]
	at ca.spottedleaf.concurrentutil.executor.thread.BalancedPrioritisedThreadPool$WorkerThread.pollTasks(BalancedPrioritisedThreadPool.java:630) ~[leafpile-1.0.0.jar:?]
	at ca.spottedleaf.concurrentutil.executor.QueueExecutorRunnable.mainLoop(QueueExecutorRunnable.java:74) ~[leafpile-1.0.0.jar:?]
	at ca.spottedleaf.concurrentutil.executor.QueueExecutorRunnable.doRun(QueueExecutorRunnable.java:115) ~[leafpile-1.0.0.jar:?]
	at ca.spottedleaf.concurrentutil.executor.QueueExecutorRunnable.run(QueueExecutorRunnable.java:42) ~[leafpile-1.0.0.jar:?]
	at ca.spottedleaf.concurrentutil.util.LazyRunnable.run(LazyRunnable.java:25) ~[leafpile-1.0.0.jar:?]
	at java.base/java.lang.Thread.run(Thread.java:1474) ~[?:?]
[00:59:30 ERROR]: Error executing task on Server
java.lang.IllegalStateException: Thread failed main thread check: Accessing poi chunk off-main, context=thread=Paper Common Worker #2, world=minecraft:overworld, chunk_pos=[-64, 17]
	at ca.spottedleaf.moonrise.common.util.TickThread.ensureTickThread(TickThread.java:65) ~[paper-26.2.jar:26.2-112-c9e894d]
	at net.minecraft.world.entity.ai.village.poi.PoiManager.getOrLoad(PoiManager.java:89) ~[paper-26.2.jar:26.2-112-c9e894d]
	at net.minecraft.world.entity.ai.village.poi.PoiManager.exists(PoiManager.java:410) ~[paper-26.2.jar:26.2-112-c9e894d]
	at net.minecraft.server.level.ServerLevel.lambda$updatePOIOnBlockStateChange$3(ServerLevel.java:2400) ~[paper-26.2.jar:26.2-112-c9e894d]
	at net.minecraft.server.TickTask.run(TickTask.java:18) ~[paper-26.2.jar:26.2-112-c9e894d]
	at net.minecraft.util.thread.BlockableEventLoop.doRunTask(BlockableEventLoop.java:207) ~[paper-26.2.jar:26.2-112-c9e894d]
	at net.minecraft.util.thread.ReentrantBlockableEventLoop.doRunTask(ReentrantBlockableEventLoop.java:24) ~[paper-26.2.jar:26.2-112-c9e894d]
	at net.minecraft.server.MinecraftServer.doRunTask(MinecraftServer.java:1534) ~[paper-26.2.jar:26.2-112-c9e894d]
	at net.minecraft.server.MinecraftServer.doRunTask(MinecraftServer.java:192) ~[paper-26.2.jar:26.2-112-c9e894d]
	at net.minecraft.util.thread.BlockableEventLoop.execute(BlockableEventLoop.java:150) ~[paper-26.2.jar:26.2-112-c9e894d]
	at net.minecraft.server.level.ServerLevel.lambda$updatePOIOnBlockStateChange$2(ServerLevel.java:2398) ~[paper-26.2.jar:26.2-112-c9e894d]
	at java.base/java.util.Optional.ifPresent(Optional.java:178) ~[?:?]
	at net.minecraft.server.level.ServerLevel.updatePOIOnBlockStateChange(ServerLevel.java:2398) ~[paper-26.2.jar:26.2-112-c9e894d]
	at net.minecraft.server.level.WorldGenRegion.setBlock(WorldGenRegion.java:366) ~[paper-26.2.jar:26.2-112-c9e894d]
	at net.minecraft.world.level.LevelWriter.setBlock(LevelWriter.java:13) ~[paper-26.2.jar:26.2-112-c9e894d]
	at net.minecraft.world.level.levelgen.structure.templatesystem.StructureTemplate.placeInWorld(StructureTemplate.java:322) ~[paper-26.2.jar:26.2-112-c9e894d]
	at net.minecraft.world.level.levelgen.structure.pools.SinglePoolElement.place(SinglePoolElement.java:152) ~[paper-26.2.jar:26.2-112-c9e894d]
	at net.minecraft.world.level.levelgen.structure.PoolElementStructurePiece.place(PoolElementStructurePiece.java:113) ~[paper-26.2.jar:26.2-112-c9e894d]
	at net.minecraft.world.level.levelgen.structure.PoolElementStructurePiece.postProcess(PoolElementStructurePiece.java:100) ~[paper-26.2.jar:26.2-112-c9e894d]
	at net.minecraft.world.level.levelgen.structure.StructureStart.placeInChunk(StructureStart.java:111) ~[paper-26.2.jar:26.2-112-c9e894d]
	at net.minecraft.world.level.chunk.ChunkGenerator.lambda$addVanillaDecorations$3(ChunkGenerator.java:379) ~[paper-26.2.jar:26.2-112-c9e894d]
	at com.google.common.collect.ImmutableList.forEach(ImmutableList.java:421) ~[guava-33.6.0-jre.jar:?]
	at net.minecraft.world.level.chunk.ChunkGenerator.addVanillaDecorations(ChunkGenerator.java:379) ~[paper-26.2.jar:26.2-112-c9e894d]
	at net.minecraft.world.level.chunk.ChunkGenerator.applyBiomeDecoration(ChunkGenerator.java:459) ~[paper-26.2.jar:26.2-112-c9e894d]
	at net.minecraft.world.level.chunk.ChunkGenerator.applyBiomeDecoration(ChunkGenerator.java:452) ~[paper-26.2.jar:26.2-112-c9e894d]
	at net.minecraft.world.level.chunk.status.ChunkStatusTasks.generateFeatures(ChunkStatusTasks.java:147) ~[paper-26.2.jar:26.2-112-c9e894d]
	at net.minecraft.world.level.chunk.status.ChunkStep.apply(ChunkStep.java:65) ~[paper-26.2.jar:26.2-112-c9e894d]
	at ca.spottedleaf.moonrise.patches.chunk_system.scheduling.task.ChunkUpgradeGenericStatusTask.run(ChunkUpgradeGenericStatusTask.java:97) ~[paper-26.2.jar:26.2-112-c9e894d]
	at ca.spottedleaf.concurrentutil.executor.queue.AreaDependentQueue$QueuedTask.run(AreaDependentQueue.java:1154) ~[leafpile-1.0.0.jar:?]
	at ca.spottedleaf.concurrentutil.executor.thread.BalancedPrioritisedThreadPool$OrderedStreamGroup$Queue.lambda$createTask$0(BalancedPrioritisedThreadPool.java:467) ~[leafpile-1.0.0.jar:?]
	at ca.spottedleaf.concurrentutil.executor.queue.PrioritisedTaskQueue$PrioritisedQueuedTask.execute(PrioritisedTaskQueue.java:345) ~[leafpile-1.0.0.jar:?]
	at ca.spottedleaf.concurrentutil.executor.thread.BalancedPrioritisedThreadPool$OrderedStreamGroup.executeTask(BalancedPrioritisedThreadPool.java:344) ~[leafpile-1.0.0.jar:?]
	at ca.spottedleaf.concurrentutil.executor.thread.BalancedPrioritisedThreadPool$WorkerThread.pollTasks(BalancedPrioritisedThreadPool.java:630) ~[leafpile-1.0.0.jar:?]
	at ca.spottedleaf.concurrentutil.executor.QueueExecutorRunnable.mainLoop(QueueExecutorRunnable.java:74) ~[leafpile-1.0.0.jar:?]
	at ca.spottedleaf.concurrentutil.executor.QueueExecutorRunnable.doRun(QueueExecutorRunnable.java:115) ~[leafpile-1.0.0.jar:?]
	at ca.spottedleaf.concurrentutil.executor.QueueExecutorRunnable.run(QueueExecutorRunnable.java:42) ~[leafpile-1.0.0.jar:?]
	at ca.spottedleaf.concurrentutil.util.LazyRunnable.run(LazyRunnable.java:25) ~[leafpile-1.0.0.jar:?]
	at java.base/java.lang.Thread.run(Thread.java:1474) ~[?:?]
[00:59:30 ERROR]: [ca.spottedleaf.moonrise.common.util.TickThread] Thread failed main thread check: Accessing poi chunk off-main, context=thread=Paper Common Worker #2, world=minecraft:overworld, chunk_pos=[-64, 17]
java.lang.Throwable
	at ca.spottedleaf.moonrise.common.util.TickThread.ensureTickThread(TickThread.java:64) ~[paper-26.2.jar:26.2-112-c9e894d]
	at net.minecraft.world.entity.ai.village.poi.PoiManager.getOrLoad(PoiManager.java:89) ~[paper-26.2.jar:26.2-112-c9e894d]
	at net.minecraft.world.entity.ai.village.poi.PoiManager.exists(PoiManager.java:410) ~[paper-26.2.jar:26.2-112-c9e894d]
	at net.minecraft.server.level.ServerLevel.lambda$updatePOIOnBlockStateChange$3(ServerLevel.java:2400) ~[paper-26.2.jar:26.2-112-c9e894d]
	at net.minecraft.server.TickTask.run(TickTask.java:18) ~[paper-26.2.jar:26.2-112-c9e894d]
	at net.minecraft.util.thread.BlockableEventLoop.doRunTask(BlockableEventLoop.java:207) ~[paper-26.2.jar:26.2-112-c9e894d]
	at net.minecraft.util.thread.ReentrantBlockableEventLoop.doRunTask(ReentrantBlockableEventLoop.java:24) ~[paper-26.2.jar:26.2-112-c9e894d]
	at net.minecraft.server.MinecraftServer.doRunTask(MinecraftServer.java:1534) ~[paper-26.2.jar:26.2-112-c9e894d]
	at net.minecraft.server.MinecraftServer.doRunTask(MinecraftServer.java:192) ~[paper-26.2.jar:26.2-112-c9e894d]
	at net.minecraft.util.thread.BlockableEventLoop.execute(BlockableEventLoop.java:150) ~[paper-26.2.jar:26.2-112-c9e894d]
	at net.minecraft.server.level.ServerLevel.lambda$updatePOIOnBlockStateChange$2(ServerLevel.java:2398) ~[paper-26.2.jar:26.2-112-c9e894d]
	at java.base/java.util.Optional.ifPresent(Optional.java:178) ~[?:?]
	at net.minecraft.server.level.ServerLevel.updatePOIOnBlockStateChange(ServerLevel.java:2398) ~[paper-26.2.jar:26.2-112-c9e894d]
	at net.minecraft.server.level.WorldGenRegion.setBlock(WorldGenRegion.java:366) ~[paper-26.2.jar:26.2-112-c9e894d]
	at net.minecraft.world.level.LevelWriter.setBlock(LevelWriter.java:13) ~[paper-26.2.jar:26.2-112-c9e894d]
	at net.minecraft.world.level.levelgen.structure.templatesystem.StructureTemplate.placeInWorld(StructureTemplate.java:322) ~[paper-26.2.jar:26.2-112-c9e894d]
	at net.minecraft.world.level.levelgen.structure.pools.SinglePoolElement.place(SinglePoolElement.java:152) ~[paper-26.2.jar:26.2-112-c9e894d]
	at net.minecraft.world.level.levelgen.structure.PoolElementStructurePiece.place(PoolElementStructurePiece.java:113) ~[paper-26.2.jar:26.2-112-c9e894d]
	at net.minecraft.world.level.levelgen.structure.PoolElementStructurePiece.postProcess(PoolElementStructurePiece.java:100) ~[paper-26.2.jar:26.2-112-c9e894d]
	at net.minecraft.world.level.levelgen.structure.StructureStart.placeInChunk(StructureStart.java:111) ~[paper-26.2.jar:26.2-112-c9e894d]
	at net.minecraft.world.level.chunk.ChunkGenerator.lambda$addVanillaDecorations$3(ChunkGenerator.java:379) ~[paper-26.2.jar:26.2-112-c9e894d]
	at com.google.common.collect.ImmutableList.forEach(ImmutableList.java:421) ~[guava-33.6.0-jre.jar:?]
	at net.minecraft.world.level.chunk.ChunkGenerator.addVanillaDecorations(ChunkGenerator.java:379) ~[paper-26.2.jar:26.2-112-c9e894d]
	at net.minecraft.world.level.chunk.ChunkGenerator.applyBiomeDecoration(ChunkGenerator.java:459) ~[paper-26.2.jar:26.2-112-c9e894d]
	at net.minecraft.world.level.chunk.ChunkGenerator.applyBiomeDecoration(ChunkGenerator.java:452) ~[paper-26.2.jar:26.2-112-c9e894d]
	at net.minecraft.world.level.chunk.status.ChunkStatusTasks.generateFeatures(ChunkStatusTasks.java:147) ~[paper-26.2.jar:26.2-112-c9e894d]
	at net.minecraft.world.level.chunk.status.ChunkStep.apply(ChunkStep.java:65) ~[paper-26.2.jar:26.2-112-c9e894d]
	at ca.spottedleaf.moonrise.patches.chunk_system.scheduling.task.ChunkUpgradeGenericStatusTask.run(ChunkUpgradeGenericStatusTask.java:97) ~[paper-26.2.jar:26.2-112-c9e894d]
	at ca.spottedleaf.concurrentutil.executor.queue.AreaDependentQueue$QueuedTask.run(AreaDependentQueue.java:1154) ~[leafpile-1.0.0.jar:?]
	at ca.spottedleaf.concurrentutil.executor.thread.BalancedPrioritisedThreadPool$OrderedStreamGroup$Queue.lambda$createTask$0(BalancedPrioritisedThreadPool.java:467) ~[leafpile-1.0.0.jar:?]
	at ca.spottedleaf.concurrentutil.executor.queue.PrioritisedTaskQueue$PrioritisedQueuedTask.execute(PrioritisedTaskQueue.java:345) ~[leafpile-1.0.0.jar:?]
	at ca.spottedleaf.concurrentutil.executor.thread.BalancedPrioritisedThreadPool$OrderedStreamGroup.executeTask(BalancedPrioritisedThreadPool.java:344) ~[leafpile-1.0.0.jar:?]
	at ca.spottedleaf.concurrentutil.executor.thread.BalancedPrioritisedThreadPool$WorkerThread.pollTasks(BalancedPrioritisedThreadPool.java:630) ~[leafpile-1.0.0.jar:?]
	at ca.spottedleaf.concurrentutil.executor.QueueExecutorRunnable.mainLoop(QueueExecutorRunnable.java:74) ~[leafpile-1.0.0.jar:?]
	at ca.spottedleaf.concurrentutil.executor.QueueExecutorRunnable.doRun(QueueExecutorRunnable.java:115) ~[leafpile-1.0.0.jar:?]
	at ca.spottedleaf.concurrentutil.executor.QueueExecutorRunnable.run(QueueExecutorRunnable.java:42) ~[leafpile-1.0.0.jar:?]
	at ca.spottedleaf.concurrentutil.util.LazyRunnable.run(LazyRunnable.java:25) ~[leafpile-1.0.0.jar:?]
	at java.base/java.lang.Thread.run(Thread.java:1474) ~[?:?]
[00:59:30 ERROR]: Error executing task on Server
java.lang.IllegalStateException: Thread failed main thread check: Accessing poi chunk off-main, context=thread=Paper Common Worker #2, world=minecraft:overworld, chunk_pos=[-64, 17]
	at ca.spottedleaf.moonrise.common.util.TickThread.ensureTickThread(TickThread.java:65) ~[paper-26.2.jar:26.2-112-c9e894d]
	at net.minecraft.world.entity.ai.village.poi.PoiManager.getOrLoad(PoiManager.java:89) ~[paper-26.2.jar:26.2-112-c9e894d]
	at net.minecraft.world.entity.ai.village.poi.PoiManager.exists(PoiManager.java:410) ~[paper-26.2.jar:26.2-112-c9e894d]
	at net.minecraft.server.level.ServerLevel.lambda$updatePOIOnBlockStateChange$3(ServerLevel.java:2400) ~[paper-26.2.jar:26.2-112-c9e894d]
	at net.minecraft.server.TickTask.run(TickTask.java:18) ~[paper-26.2.jar:26.2-112-c9e894d]
	at net.minecraft.util.thread.BlockableEventLoop.doRunTask(BlockableEventLoop.java:207) ~[paper-26.2.jar:26.2-112-c9e894d]
	at net.minecraft.util.thread.ReentrantBlockableEventLoop.doRunTask(ReentrantBlockableEventLoop.java:24) ~[paper-26.2.jar:26.2-112-c9e894d]
	at net.minecraft.server.MinecraftServer.doRunTask(MinecraftServer.java:1534) ~[paper-26.2.jar:26.2-112-c9e894d]
	at net.minecraft.server.MinecraftServer.doRunTask(MinecraftServer.java:192) ~[paper-26.2.jar:26.2-112-c9e894d]
	at net.minecraft.util.thread.BlockableEventLoop.execute(BlockableEventLoop.java:150) ~[paper-26.2.jar:26.2-112-c9e894d]
	at net.minecraft.server.level.ServerLevel.lambda$updatePOIOnBlockStateChange$2(ServerLevel.java:2398) ~[paper-26.2.jar:26.2-112-c9e894d]
	at java.base/java.util.Optional.ifPresent(Optional.java:178) ~[?:?]
	at net.minecraft.server.level.ServerLevel.updatePOIOnBlockStateChange(ServerLevel.java:2398) ~[paper-26.2.jar:26.2-112-c9e894d]
	at net.minecraft.server.level.WorldGenRegion.setBlock(WorldGenRegion.java:366) ~[paper-26.2.jar:26.2-112-c9e894d]
	at net.minecraft.world.level.LevelWriter.setBlock(LevelWriter.java:13) ~[paper-26.2.jar:26.2-112-c9e894d]
	at net.minecraft.world.level.levelgen.structure.templatesystem.StructureTemplate.placeInWorld(StructureTemplate.java:322) ~[paper-26.2.jar:26.2-112-c9e894d]
	at net.minecraft.world.level.levelgen.structure.pools.SinglePoolElement.place(SinglePoolElement.java:152) ~[paper-26.2.jar:26.2-112-c9e894d]
	at net.minecraft.world.level.levelgen.structure.PoolElementStructurePiece.place(PoolElementStructurePiece.java:113) ~[paper-26.2.jar:26.2-112-c9e894d]
	at net.minecraft.world.level.levelgen.structure.PoolElementStructurePiece.postProcess(PoolElementStructurePiece.java:100) ~[paper-26.2.jar:26.2-112-c9e894d]
	at net.minecraft.world.level.levelgen.structure.StructureStart.placeInChunk(StructureStart.java:111) ~[paper-26.2.jar:26.2-112-c9e894d]
	at net.minecraft.world.level.chunk.ChunkGenerator.lambda$addVanillaDecorations$3(ChunkGenerator.java:379) ~[paper-26.2.jar:26.2-112-c9e894d]
	at com.google.common.collect.ImmutableList.forEach(ImmutableList.java:421) ~[guava-33.6.0-jre.jar:?]
	at net.minecraft.world.level.chunk.ChunkGenerator.addVanillaDecorations(ChunkGenerator.java:379) ~[paper-26.2.jar:26.2-112-c9e894d]
	at net.minecraft.world.level.chunk.ChunkGenerator.applyBiomeDecoration(ChunkGenerator.java:459) ~[paper-26.2.jar:26.2-112-c9e894d]
	at net.minecraft.world.level.chunk.ChunkGenerator.applyBiomeDecoration(ChunkGenerator.java:452) ~[paper-26.2.jar:26.2-112-c9e894d]
	at net.minecraft.world.level.chunk.status.ChunkStatusTasks.generateFeatures(ChunkStatusTasks.java:147) ~[paper-26.2.jar:26.2-112-c9e894d]
	at net.minecraft.world.level.chunk.status.ChunkStep.apply(ChunkStep.java:65) ~[paper-26.2.jar:26.2-112-c9e894d]
	at ca.spottedleaf.moonrise.patches.chunk_system.scheduling.task.ChunkUpgradeGenericStatusTask.run(ChunkUpgradeGenericStatusTask.java:97) ~[paper-26.2.jar:26.2-112-c9e894d]
	at ca.spottedleaf.concurrentutil.executor.queue.AreaDependentQueue$QueuedTask.run(AreaDependentQueue.java:1154) ~[leafpile-1.0.0.jar:?]
	at ca.spottedleaf.concurrentutil.executor.thread.BalancedPrioritisedThreadPool$OrderedStreamGroup$Queue.lambda$createTask$0(BalancedPrioritisedThreadPool.java:467) ~[leafpile-1.0.0.jar:?]
	at ca.spottedleaf.concurrentutil.executor.queue.PrioritisedTaskQueue$PrioritisedQueuedTask.execute(PrioritisedTaskQueue.java:345) ~[leafpile-1.0.0.jar:?]
	at ca.spottedleaf.concurrentutil.executor.thread.BalancedPrioritisedThreadPool$OrderedStreamGroup.executeTask(BalancedPrioritisedThreadPool.java:344) ~[leafpile-1.0.0.jar:?]
	at ca.spottedleaf.concurrentutil.executor.thread.BalancedPrioritisedThreadPool$WorkerThread.pollTasks(BalancedPrioritisedThreadPool.java:630) ~[leafpile-1.0.0.jar:?]
	at ca.spottedleaf.concurrentutil.executor.QueueExecutorRunnable.mainLoop(QueueExecutorRunnable.java:74) ~[leafpile-1.0.0.jar:?]
	at ca.spottedleaf.concurrentutil.executor.QueueExecutorRunnable.doRun(QueueExecutorRunnable.java:115) ~[leafpile-1.0.0.jar:?]
	at ca.spottedleaf.concurrentutil.executor.QueueExecutorRunnable.run(QueueExecutorRunnable.java:42) ~[leafpile-1.0.0.jar:?]
	at ca.spottedleaf.concurrentutil.util.LazyRunnable.run(LazyRunnable.java:25) ~[leafpile-1.0.0.jar:?]
	at java.base/java.lang.Thread.run(Thread.java:1474) ~[?:?]
[00:59:30 ERROR]: [ca.spottedleaf.moonrise.common.util.TickThread] Thread failed main thread check: Accessing poi chunk off-main, context=thread=Paper Common Worker #2, world=minecraft:overworld, chunk_pos=[-64, 17]
java.lang.Throwable
	at ca.spottedleaf.moonrise.common.util.TickThread.ensureTickThread(TickThread.java:64) ~[paper-26.2.jar:26.2-112-c9e894d]
	at net.minecraft.world.entity.ai.village.poi.PoiManager.getOrLoad(PoiManager.java:89) ~[paper-26.2.jar:26.2-112-c9e894d]
	at net.minecraft.world.entity.ai.village.poi.PoiManager.exists(PoiManager.java:410) ~[paper-26.2.jar:26.2-112-c9e894d]
	at net.minecraft.server.level.ServerLevel.lambda$updatePOIOnBlockStateChange$3(ServerLevel.java:2400) ~[paper-26.2.jar:26.2-112-c9e894d]
	at net.minecraft.server.TickTask.run(TickTask.java:18) ~[paper-26.2.jar:26.2-112-c9e894d]
	at net.minecraft.util.thread.BlockableEventLoop.doRunTask(BlockableEventLoop.java:207) ~[paper-26.2.jar:26.2-112-c9e894d]
	at net.minecraft.util.thread.ReentrantBlockableEventLoop.doRunTask(ReentrantBlockableEventLoop.java:24) ~[paper-26.2.jar:26.2-112-c9e894d]
	at net.minecraft.server.MinecraftServer.doRunTask(MinecraftServer.java:1534) ~[paper-26.2.jar:26.2-112-c9e894d]
	at net.minecraft.server.MinecraftServer.doRunTask(MinecraftServer.java:192) ~[paper-26.2.jar:26.2-112-c9e894d]
	at net.minecraft.util.thread.BlockableEventLoop.execute(BlockableEventLoop.java:150) ~[paper-26.2.jar:26.2-112-c9e894d]
	at net.minecraft.server.level.ServerLevel.lambda$updatePOIOnBlockStateChange$2(ServerLevel.java:2398) ~[paper-26.2.jar:26.2-112-c9e894d]
	at java.base/java.util.Optional.ifPresent(Optional.java:178) ~[?:?]
	at net.minecraft.server.level.ServerLevel.updatePOIOnBlockStateChange(ServerLevel.java:2398) ~[paper-26.2.jar:26.2-112-c9e894d]
	at net.minecraft.server.level.WorldGenRegion.setBlock(WorldGenRegion.java:366) ~[paper-26.2.jar:26.2-112-c9e894d]
	at net.minecraft.world.level.LevelWriter.setBlock(LevelWriter.java:13) ~[paper-26.2.jar:26.2-112-c9e894d]
	at net.minecraft.world.level.levelgen.structure.templatesystem.StructureTemplate.placeInWorld(StructureTemplate.java:322) ~[paper-26.2.jar:26.2-112-c9e894d]
	at net.minecraft.world.level.levelgen.structure.pools.SinglePoolElement.place(SinglePoolElement.java:152) ~[paper-26.2.jar:26.2-112-c9e894d]
	at net.minecraft.world.level.levelgen.structure.PoolElementStructurePiece.place(PoolElementStructurePiece.java:113) ~[paper-26.2.jar:26.2-112-c9e894d]
	at net.minecraft.world.level.levelgen.structure.PoolElementStructurePiece.postProcess(PoolElementStructurePiece.java:100) ~[paper-26.2.jar:26.2-112-c9e894d]
	at net.minecraft.world.level.levelgen.structure.StructureStart.placeInChunk(StructureStart.java:111) ~[paper-26.2.jar:26.2-112-c9e894d]
	at net.minecraft.world.level.chunk.ChunkGenerator.lambda$addVanillaDecorations$3(ChunkGenerator.java:379) ~[paper-26.2.jar:26.2-112-c9e894d]
	at com.google.common.collect.ImmutableList.forEach(ImmutableList.java:421) ~[guava-33.6.0-jre.jar:?]
	at net.minecraft.world.level.chunk.ChunkGenerator.addVanillaDecorations(ChunkGenerator.java:379) ~[paper-26.2.jar:26.2-112-c9e894d]
	at net.minecraft.world.level.chunk.ChunkGenerator.applyBiomeDecoration(ChunkGenerator.java:459) ~[paper-26.2.jar:26.2-112-c9e894d]
	at net.minecraft.world.level.chunk.ChunkGenerator.applyBiomeDecoration(ChunkGenerator.java:452) ~[paper-26.2.jar:26.2-112-c9e894d]
	at net.minecraft.world.level.chunk.status.ChunkStatusTasks.generateFeatures(ChunkStatusTasks.java:147) ~[paper-26.2.jar:26.2-112-c9e894d]
	at net.minecraft.world.level.chunk.status.ChunkStep.apply(ChunkStep.java:65) ~[paper-26.2.jar:26.2-112-c9e894d]
	at ca.spottedleaf.moonrise.patches.chunk_system.scheduling.task.ChunkUpgradeGenericStatusTask.run(ChunkUpgradeGenericStatusTask.java:97) ~[paper-26.2.jar:26.2-112-c9e894d]
	at ca.spottedleaf.concurrentutil.executor.queue.AreaDependentQueue$QueuedTask.run(AreaDependentQueue.java:1154) ~[leafpile-1.0.0.jar:?]
	at ca.spottedleaf.concurrentutil.executor.thread.BalancedPrioritisedThreadPool$OrderedStreamGroup$Queue.lambda$createTask$0(BalancedPrioritisedThreadPool.java:467) ~[leafpile-1.0.0.jar:?]
	at ca.spottedleaf.concurrentutil.executor.queue.PrioritisedTaskQueue$PrioritisedQueuedTask.execute(PrioritisedTaskQueue.java:345) ~[leafpile-1.0.0.jar:?]
	at ca.spottedleaf.concurrentutil.executor.thread.BalancedPrioritisedThreadPool$OrderedStreamGroup.executeTask(BalancedPrioritisedThreadPool.java:344) ~[leafpile-1.0.0.jar:?]
	at ca.spottedleaf.concurrentutil.executor.thread.BalancedPrioritisedThreadPool$WorkerThread.pollTasks(BalancedPrioritisedThreadPool.java:630) ~[leafpile-1.0.0.jar:?]
	at ca.spottedleaf.concurrentutil.executor.QueueExecutorRunnable.mainLoop(QueueExecutorRunnable.java:74) ~[leafpile-1.0.0.jar:?]
	at ca.spottedleaf.concurrentutil.executor.QueueExecutorRunnable.doRun(QueueExecutorRunnable.java:115) ~[leafpile-1.0.0.jar:?]
	at ca.spottedleaf.concurrentutil.executor.QueueExecutorRunnable.run(QueueExecutorRunnable.java:42) ~[leafpile-1.0.0.jar:?]
	at ca.spottedleaf.concurrentutil.util.LazyRunnable.run(LazyRunnable.java:25) ~[leafpile-1.0.0.jar:?]
	at java.base/java.lang.Thread.run(Thread.java:1474) ~[?:?]
[00:59:30 ERROR]: Error executing task on Server
java.lang.IllegalStateException: Thread failed main thread check: Accessing poi chunk off-main, context=thread=Paper Common Worker #2, world=minecraft:overworld, chunk_pos=[-64, 17]
	at ca.spottedleaf.moonrise.common.util.TickThread.ensureTickThread(TickThread.java:65) ~[paper-26.2.jar:26.2-112-c9e894d]
	at net.minecraft.world.entity.ai.village.poi.PoiManager.getOrLoad(PoiManager.java:89) ~[paper-26.2.jar:26.2-112-c9e894d]
	at net.minecraft.world.entity.ai.village.poi.PoiManager.exists(PoiManager.java:410) ~[paper-26.2.jar:26.2-112-c9e894d]
	at net.minecraft.server.level.ServerLevel.lambda$updatePOIOnBlockStateChange$3(ServerLevel.java:2400) ~[paper-26.2.jar:26.2-112-c9e894d]
	at net.minecraft.server.TickTask.run(TickTask.java:18) ~[paper-26.2.jar:26.2-112-c9e894d]
	at net.minecraft.util.thread.BlockableEventLoop.doRunTask(BlockableEventLoop.java:207) ~[paper-26.2.jar:26.2-112-c9e894d]
	at net.minecraft.util.thread.ReentrantBlockableEventLoop.doRunTask(ReentrantBlockableEventLoop.java:24) ~[paper-26.2.jar:26.2-112-c9e894d]
	at net.minecraft.server.MinecraftServer.doRunTask(MinecraftServer.java:1534) ~[paper-26.2.jar:26.2-112-c9e894d]
	at net.minecraft.server.MinecraftServer.doRunTask(MinecraftServer.java:192) ~[paper-26.2.jar:26.2-112-c9e894d]
	at net.minecraft.util.thread.BlockableEventLoop.execute(BlockableEventLoop.java:150) ~[paper-26.2.jar:26.2-112-c9e894d]
	at net.minecraft.server.level.ServerLevel.lambda$updatePOIOnBlockStateChange$2(ServerLevel.java:2398) ~[paper-26.2.jar:26.2-112-c9e894d]
	at java.base/java.util.Optional.ifPresent(Optional.java:178) ~[?:?]
	at net.minecraft.server.level.ServerLevel.updatePOIOnBlockStateChange(ServerLevel.java:2398) ~[paper-26.2.jar:26.2-112-c9e894d]
	at net.minecraft.server.level.WorldGenRegion.setBlock(WorldGenRegion.java:366) ~[paper-26.2.jar:26.2-112-c9e894d]
	at net.minecraft.world.level.LevelWriter.setBlock(LevelWriter.java:13) ~[paper-26.2.jar:26.2-112-c9e894d]
	at net.minecraft.world.level.levelgen.structure.templatesystem.StructureTemplate.placeInWorld(StructureTemplate.java:322) ~[paper-26.2.jar:26.2-112-c9e894d]
	at net.minecraft.world.level.levelgen.structure.pools.SinglePoolElement.place(SinglePoolElement.java:152) ~[paper-26.2.jar:26.2-112-c9e894d]
	at net.minecraft.world.level.levelgen.structure.PoolElementStructurePiece.place(PoolElementStructurePiece.java:113) ~[paper-26.2.jar:26.2-112-c9e894d]
	at net.minecraft.world.level.levelgen.structure.PoolElementStructurePiece.postProcess(PoolElementStructurePiece.java:100) ~[paper-26.2.jar:26.2-112-c9e894d]
	at net.minecraft.world.level.levelgen.structure.StructureStart.placeInChunk(StructureStart.java:111) ~[paper-26.2.jar:26.2-112-c9e894d]
	at net.minecraft.world.level.chunk.ChunkGenerator.lambda$addVanillaDecorations$3(ChunkGenerator.java:379) ~[paper-26.2.jar:26.2-112-c9e894d]
	at com.google.common.collect.ImmutableList.forEach(ImmutableList.java:421) ~[guava-33.6.0-jre.jar:?]
	at net.minecraft.world.level.chunk.ChunkGenerator.addVanillaDecorations(ChunkGenerator.java:379) ~[paper-26.2.jar:26.2-112-c9e894d]
	at net.minecraft.world.level.chunk.ChunkGenerator.applyBiomeDecoration(ChunkGenerator.java:459) ~[paper-26.2.jar:26.2-112-c9e894d]
	at net.minecraft.world.level.chunk.ChunkGenerator.applyBiomeDecoration(ChunkGenerator.java:452) ~[paper-26.2.jar:26.2-112-c9e894d]
	at net.minecraft.world.level.chunk.status.ChunkStatusTasks.generateFeatures(ChunkStatusTasks.java:147) ~[paper-26.2.jar:26.2-112-c9e894d]
	at net.minecraft.world.level.chunk.status.ChunkStep.apply(ChunkStep.java:65) ~[paper-26.2.jar:26.2-112-c9e894d]
	at ca.spottedleaf.moonrise.patches.chunk_system.scheduling.task.ChunkUpgradeGenericStatusTask.run(ChunkUpgradeGenericStatusTask.java:97) ~[paper-26.2.jar:26.2-112-c9e894d]
	at ca.spottedleaf.concurrentutil.executor.queue.AreaDependentQueue$QueuedTask.run(AreaDependentQueue.java:1154) ~[leafpile-1.0.0.jar:?]
	at ca.spottedleaf.concurrentutil.executor.thread.BalancedPrioritisedThreadPool$OrderedStreamGroup$Queue.lambda$createTask$0(BalancedPrioritisedThreadPool.java:467) ~[leafpile-1.0.0.jar:?]
	at ca.spottedleaf.concurrentutil.executor.queue.PrioritisedTaskQueue$PrioritisedQueuedTask.execute(PrioritisedTaskQueue.java:345) ~[leafpile-1.0.0.jar:?]
	at ca.spottedleaf.concurrentutil.executor.thread.BalancedPrioritisedThreadPool$OrderedStreamGroup.executeTask(BalancedPrioritisedThreadPool.java:344) ~[leafpile-1.0.0.jar:?]
	at ca.spottedleaf.concurrentutil.executor.thread.BalancedPrioritisedThreadPool$WorkerThread.pollTasks(BalancedPrioritisedThreadPool.java:630) ~[leafpile-1.0.0.jar:?]
	at ca.spottedleaf.concurrentutil.executor.QueueExecutorRunnable.mainLoop(QueueExecutorRunnable.java:74) ~[leafpile-1.0.0.jar:?]
	at ca.spottedleaf.concurrentutil.executor.QueueExecutorRunnable.doRun(QueueExecutorRunnable.java:115) ~[leafpile-1.0.0.jar:?]
	at ca.spottedleaf.concurrentutil.executor.QueueExecutorRunnable.run(QueueExecutorRunnable.java:42) ~[leafpile-1.0.0.jar:?]
	at ca.spottedleaf.concurrentutil.util.LazyRunnable.run(LazyRunnable.java:25) ~[leafpile-1.0.0.jar:?]
	at java.base/java.lang.Thread.run(Thread.java:1474) ~[?:?]
[00:59:30 ERROR]: [ca.spottedleaf.moonrise.common.util.TickThread] Thread failed main thread check: Accessing poi chunk off-main, context=thread=Paper Common Worker #2, world=minecraft:overworld, chunk_pos=[-64, 17]
java.lang.Throwable
	at ca.spottedleaf.moonrise.common.util.TickThread.ensureTickThread(TickThread.java:64) ~[paper-26.2.jar:26.2-112-c9e894d]
	at net.minecraft.world.entity.ai.village.poi.PoiManager.getOrLoad(PoiManager.java:89) ~[paper-26.2.jar:26.2-112-c9e894d]
	at net.minecraft.world.entity.ai.village.poi.PoiManager.exists(PoiManager.java:410) ~[paper-26.2.jar:26.2-112-c9e894d]
	at net.minecraft.server.level.ServerLevel.lambda$updatePOIOnBlockStateChange$3(ServerLevel.java:2400) ~[paper-26.2.jar:26.2-112-c9e894d]
	at net.minecraft.server.TickTask.run(TickTask.java:18) ~[paper-26.2.jar:26.2-112-c9e894d]
	at net.minecraft.util.thread.BlockableEventLoop.doRunTask(BlockableEventLoop.java:207) ~[paper-26.2.jar:26.2-112-c9e894d]
	at net.minecraft.util.thread.ReentrantBlockableEventLoop.doRunTask(ReentrantBlockableEventLoop.java:24) ~[paper-26.2.jar:26.2-112-c9e894d]
	at net.minecraft.server.MinecraftServer.doRunTask(MinecraftServer.java:1534) ~[paper-26.2.jar:26.2-112-c9e894d]
	at net.minecraft.server.MinecraftServer.doRunTask(MinecraftServer.java:192) ~[paper-26.2.jar:26.2-112-c9e894d]
	at net.minecraft.util.thread.BlockableEventLoop.execute(BlockableEventLoop.java:150) ~[paper-26.2.jar:26.2-112-c9e894d]
	at net.minecraft.server.level.ServerLevel.lambda$updatePOIOnBlockStateChange$2(ServerLevel.java:2398) ~[paper-26.2.jar:26.2-112-c9e894d]
	at java.base/java.util.Optional.ifPresent(Optional.java:178) ~[?:?]
	at net.minecraft.server.level.ServerLevel.updatePOIOnBlockStateChange(ServerLevel.java:2398) ~[paper-26.2.jar:26.2-112-c9e894d]
	at net.minecraft.server.level.WorldGenRegion.setBlock(WorldGenRegion.java:366) ~[paper-26.2.jar:26.2-112-c9e894d]
	at net.minecraft.world.level.LevelWriter.setBlock(LevelWriter.java:13) ~[paper-26.2.jar:26.2-112-c9e894d]
	at net.minecraft.world.level.levelgen.structure.templatesystem.StructureTemplate.placeInWorld(StructureTemplate.java:322) ~[paper-26.2.jar:26.2-112-c9e894d]
	at net.minecraft.world.level.levelgen.structure.pools.SinglePoolElement.place(SinglePoolElement.java:152) ~[paper-26.2.jar:26.2-112-c9e894d]
	at net.minecraft.world.level.levelgen.structure.PoolElementStructurePiece.place(PoolElementStructurePiece.java:113) ~[paper-26.2.jar:26.2-112-c9e894d]
	at net.minecraft.world.level.levelgen.structure.PoolElementStructurePiece.postProcess(PoolElementStructurePiece.java:100) ~[paper-26.2.jar:26.2-112-c9e894d]
	at net.minecraft.world.level.levelgen.structure.StructureStart.placeInChunk(StructureStart.java:111) ~[paper-26.2.jar:26.2-112-c9e894d]
	at net.minecraft.world.level.chunk.ChunkGenerator.lambda$addVanillaDecorations$3(ChunkGenerator.java:379) ~[paper-26.2.jar:26.2-112-c9e894d]
	at com.google.common.collect.ImmutableList.forEach(ImmutableList.java:421) ~[guava-33.6.0-jre.jar:?]
	at net.minecraft.world.level.chunk.ChunkGenerator.addVanillaDecorations(ChunkGenerator.java:379) ~[paper-26.2.jar:26.2-112-c9e894d]
	at net.minecraft.world.level.chunk.ChunkGenerator.applyBiomeDecoration(ChunkGenerator.java:459) ~[paper-26.2.jar:26.2-112-c9e894d]
	at net.minecraft.world.level.chunk.ChunkGenerator.applyBiomeDecoration(ChunkGenerator.java:452) ~[paper-26.2.jar:26.2-112-c9e894d]
	at net.minecraft.world.level.chunk.status.ChunkStatusTasks.generateFeatures(ChunkStatusTasks.java:147) ~[paper-26.2.jar:26.2-112-c9e894d]
	at net.minecraft.world.level.chunk.status.ChunkStep.apply(ChunkStep.java:65) ~[paper-26.2.jar:26.2-112-c9e894d]
	at ca.spottedleaf.moonrise.patches.chunk_system.scheduling.task.ChunkUpgradeGenericStatusTask.run(ChunkUpgradeGenericStatusTask.java:97) ~[paper-26.2.jar:26.2-112-c9e894d]
	at ca.spottedleaf.concurrentutil.executor.queue.AreaDependentQueue$QueuedTask.run(AreaDependentQueue.java:1154) ~[leafpile-1.0.0.jar:?]
	at ca.spottedleaf.concurrentutil.executor.thread.BalancedPrioritisedThreadPool$OrderedStreamGroup$Queue.lambda$createTask$0(BalancedPrioritisedThreadPool.java:467) ~[leafpile-1.0.0.jar:?]
	at ca.spottedleaf.concurrentutil.executor.queue.PrioritisedTaskQueue$PrioritisedQueuedTask.execute(PrioritisedTaskQueue.java:345) ~[leafpile-1.0.0.jar:?]
	at ca.spottedleaf.concurrentutil.executor.thread.BalancedPrioritisedThreadPool$OrderedStreamGroup.executeTask(BalancedPrioritisedThreadPool.java:344) ~[leafpile-1.0.0.jar:?]
	at ca.spottedleaf.concurrentutil.executor.thread.BalancedPrioritisedThreadPool$WorkerThread.pollTasks(BalancedPrioritisedThreadPool.java:630) ~[leafpile-1.0.0.jar:?]
	at ca.spottedleaf.concurrentutil.executor.QueueExecutorRunnable.mainLoop(QueueExecutorRunnable.java:74) ~[leafpile-1.0.0.jar:?]
	at ca.spottedleaf.concurrentutil.executor.QueueExecutorRunnable.doRun(QueueExecutorRunnable.java:115) ~[leafpile-1.0.0.jar:?]
	at ca.spottedleaf.concurrentutil.executor.QueueExecutorRunnable.run(QueueExecutorRunnable.java:42) ~[leafpile-1.0.0.jar:?]
	at ca.spottedleaf.concurrentutil.util.LazyRunnable.run(LazyRunnable.java:25) ~[leafpile-1.0.0.jar:?]
	at java.base/java.lang.Thread.run(Thread.java:1474) ~[?:?]
[00:59:30 ERROR]: Error executing task on Server
java.lang.IllegalStateException: Thread failed main thread check: Accessing poi chunk off-main, context=thread=Paper Common Worker #2, world=minecraft:overworld, chunk_pos=[-64, 17]
	at ca.spottedleaf.moonrise.common.util.TickThread.ensureTickThread(TickThread.java:65) ~[paper-26.2.jar:26.2-112-c9e894d]
	at net.minecraft.world.entity.ai.village.poi.PoiManager.getOrLoad(PoiManager.java:89) ~[paper-26.2.jar:26.2-112-c9e894d]
	at net.minecraft.world.entity.ai.village.poi.PoiManager.exists(PoiManager.java:410) ~[paper-26.2.jar:26.2-112-c9e894d]
	at net.minecraft.server.level.ServerLevel.lambda$updatePOIOnBlockStateChange$3(ServerLevel.java:2400) ~[paper-26.2.jar:26.2-112-c9e894d]
	at net.minecraft.server.TickTask.run(TickTask.java:18) ~[paper-26.2.jar:26.2-112-c9e894d]
	at net.minecraft.util.thread.BlockableEventLoop.doRunTask(BlockableEventLoop.java:207) ~[paper-26.2.jar:26.2-112-c9e894d]
	at net.minecraft.util.thread.ReentrantBlockableEventLoop.doRunTask(ReentrantBlockableEventLoop.java:24) ~[paper-26.2.jar:26.2-112-c9e894d]
	at net.minecraft.server.MinecraftServer.doRunTask(MinecraftServer.java:1534) ~[paper-26.2.jar:26.2-112-c9e894d]
	at net.minecraft.server.MinecraftServer.doRunTask(MinecraftServer.java:192) ~[paper-26.2.jar:26.2-112-c9e894d]
	at net.minecraft.util.thread.BlockableEventLoop.execute(BlockableEventLoop.java:150) ~[paper-26.2.jar:26.2-112-c9e894d]
	at net.minecraft.server.level.ServerLevel.lambda$updatePOIOnBlockStateChange$2(ServerLevel.java:2398) ~[paper-26.2.jar:26.2-112-c9e894d]
	at java.base/java.util.Optional.ifPresent(Optional.java:178) ~[?:?]
	at net.minecraft.server.level.ServerLevel.updatePOIOnBlockStateChange(ServerLevel.java:2398) ~[paper-26.2.jar:26.2-112-c9e894d]
	at net.minecraft.server.level.WorldGenRegion.setBlock(WorldGenRegion.java:366) ~[paper-26.2.jar:26.2-112-c9e894d]
	at net.minecraft.world.level.LevelWriter.setBlock(LevelWriter.java:13) ~[paper-26.2.jar:26.2-112-c9e894d]
	at net.minecraft.world.level.levelgen.structure.templatesystem.StructureTemplate.placeInWorld(StructureTemplate.java:322) ~[paper-26.2.jar:26.2-112-c9e894d]
	at net.minecraft.world.level.levelgen.structure.pools.SinglePoolElement.place(SinglePoolElement.java:152) ~[paper-26.2.jar:26.2-112-c9e894d]
	at net.minecraft.world.level.levelgen.structure.PoolElementStructurePiece.place(PoolElementStructurePiece.java:113) ~[paper-26.2.jar:26.2-112-c9e894d]
	at net.minecraft.world.level.levelgen.structure.PoolElementStructurePiece.postProcess(PoolElementStructurePiece.java:100) ~[paper-26.2.jar:26.2-112-c9e894d]
	at net.minecraft.world.level.levelgen.structure.StructureStart.placeInChunk(StructureStart.java:111) ~[paper-26.2.jar:26.2-112-c9e894d]
	at net.minecraft.world.level.chunk.ChunkGenerator.lambda$addVanillaDecorations$3(ChunkGenerator.java:379) ~[paper-26.2.jar:26.2-112-c9e894d]
	at com.google.common.collect.ImmutableList.forEach(ImmutableList.java:421) ~[guava-33.6.0-jre.jar:?]
	at net.minecraft.world.level.chunk.ChunkGenerator.addVanillaDecorations(ChunkGenerator.java:379) ~[paper-26.2.jar:26.2-112-c9e894d]
	at net.minecraft.world.level.chunk.ChunkGenerator.applyBiomeDecoration(ChunkGenerator.java:459) ~[paper-26.2.jar:26.2-112-c9e894d]
	at net.minecraft.world.level.chunk.ChunkGenerator.applyBiomeDecoration(ChunkGenerator.java:452) ~[paper-26.2.jar:26.2-112-c9e894d]
	at net.minecraft.world.level.chunk.status.ChunkStatusTasks.generateFeatures(ChunkStatusTasks.java:147) ~[paper-26.2.jar:26.2-112-c9e894d]
	at net.minecraft.world.level.chunk.status.ChunkStep.apply(ChunkStep.java:65) ~[paper-26.2.jar:26.2-112-c9e894d]
	at ca.spottedleaf.moonrise.patches.chunk_system.scheduling.task.ChunkUpgradeGenericStatusTask.run(ChunkUpgradeGenericStatusTask.java:97) ~[paper-26.2.jar:26.2-112-c9e894d]
	at ca.spottedleaf.concurrentutil.executor.queue.AreaDependentQueue$QueuedTask.run(AreaDependentQueue.java:1154) ~[leafpile-1.0.0.jar:?]
	at ca.spottedleaf.concurrentutil.executor.thread.BalancedPrioritisedThreadPool$OrderedStreamGroup$Queue.lambda$createTask$0(BalancedPrioritisedThreadPool.java:467) ~[leafpile-1.0.0.jar:?]
	at ca.spottedleaf.concurrentutil.executor.queue.PrioritisedTaskQueue$PrioritisedQueuedTask.execute(PrioritisedTaskQueue.java:345) ~[leafpile-1.0.0.jar:?]
	at ca.spottedleaf.concurrentutil.executor.thread.BalancedPrioritisedThreadPool$OrderedStreamGroup.executeTask(BalancedPrioritisedThreadPool.java:344) ~[leafpile-1.0.0.jar:?]
	at ca.spottedleaf.concurrentutil.executor.thread.BalancedPrioritisedThreadPool$WorkerThread.pollTasks(BalancedPrioritisedThreadPool.java:630) ~[leafpile-1.0.0.jar:?]
	at ca.spottedleaf.concurrentutil.executor.QueueExecutorRunnable.mainLoop(QueueExecutorRunnable.java:74) ~[leafpile-1.0.0.jar:?]
	at ca.spottedleaf.concurrentutil.executor.QueueExecutorRunnable.doRun(QueueExecutorRunnable.java:115) ~[leafpile-1.0.0.jar:?]
	at ca.spottedleaf.concurrentutil.executor.QueueExecutorRunnable.run(QueueExecutorRunnable.java:42) ~[leafpile-1.0.0.jar:?]
	at ca.spottedleaf.concurrentutil.util.LazyRunnable.run(LazyRunnable.java:25) ~[leafpile-1.0.0.jar:?]
	at java.base/java.lang.Thread.run(Thread.java:1474) ~[?:?]
[00:59:30 ERROR]: [ca.spottedleaf.moonrise.common.util.TickThread] Thread failed main thread check: Accessing poi chunk off-main, context=thread=Paper Common Worker #2, world=minecraft:overworld, chunk_pos=[-64, 17]
java.lang.Throwable
	at ca.spottedleaf.moonrise.common.util.TickThread.ensureTickThread(TickThread.java:64) ~[paper-26.2.jar:26.2-112-c9e894d]
	at net.minecraft.world.entity.ai.village.poi.PoiManager.getOrLoad(PoiManager.java:89) ~[paper-26.2.jar:26.2-112-c9e894d]
	at net.minecraft.world.entity.ai.village.poi.PoiManager.exists(PoiManager.java:410) ~[paper-26.2.jar:26.2-112-c9e894d]
	at net.minecraft.server.level.ServerLevel.lambda$updatePOIOnBlockStateChange$3(ServerLevel.java:2400) ~[paper-26.2.jar:26.2-112-c9e894d]
	at net.minecraft.server.TickTask.run(TickTask.java:18) ~[paper-26.2.jar:26.2-112-c9e894d]
	at net.minecraft.util.thread.BlockableEventLoop.doRunTask(BlockableEventLoop.java:207) ~[paper-26.2.jar:26.2-112-c9e894d]
	at net.minecraft.util.thread.ReentrantBlockableEventLoop.doRunTask(ReentrantBlockableEventLoop.java:24) ~[paper-26.2.jar:26.2-112-c9e894d]
	at net.minecraft.server.MinecraftServer.doRunTask(MinecraftServer.java:1534) ~[paper-26.2.jar:26.2-112-c9e894d]
	at net.minecraft.server.MinecraftServer.doRunTask(MinecraftServer.java:192) ~[paper-26.2.jar:26.2-112-c9e894d]
	at net.minecraft.util.thread.BlockableEventLoop.execute(BlockableEventLoop.java:150) ~[paper-26.2.jar:26.2-112-c9e894d]
	at net.minecraft.server.level.ServerLevel.lambda$updatePOIOnBlockStateChange$2(ServerLevel.java:2398) ~[paper-26.2.jar:26.2-112-c9e894d]
	at java.base/java.util.Optional.ifPresent(Optional.java:178) ~[?:?]
	at net.minecraft.server.level.ServerLevel.updatePOIOnBlockStateChange(ServerLevel.java:2398) ~[paper-26.2.jar:26.2-112-c9e894d]
	at net.minecraft.server.level.WorldGenRegion.setBlock(WorldGenRegion.java:366) ~[paper-26.2.jar:26.2-112-c9e894d]
	at net.minecraft.world.level.LevelWriter.setBlock(LevelWriter.java:13) ~[paper-26.2.jar:26.2-112-c9e894d]
	at net.minecraft.world.level.levelgen.structure.templatesystem.StructureTemplate.placeInWorld(StructureTemplate.java:322) ~[paper-26.2.jar:26.2-112-c9e894d]
	at net.minecraft.world.level.levelgen.structure.pools.SinglePoolElement.place(SinglePoolElement.java:152) ~[paper-26.2.jar:26.2-112-c9e894d]
	at net.minecraft.world.level.levelgen.structure.PoolElementStructurePiece.place(PoolElementStructurePiece.java:113) ~[paper-26.2.jar:26.2-112-c9e894d]
	at net.minecraft.world.level.levelgen.structure.PoolElementStructurePiece.postProcess(PoolElementStructurePiece.java:100) ~[paper-26.2.jar:26.2-112-c9e894d]
	at net.minecraft.world.level.levelgen.structure.StructureStart.placeInChunk(StructureStart.java:111) ~[paper-26.2.jar:26.2-112-c9e894d]
	at net.minecraft.world.level.chunk.ChunkGenerator.lambda$addVanillaDecorations$3(ChunkGenerator.java:379) ~[paper-26.2.jar:26.2-112-c9e894d]
	at com.google.common.collect.ImmutableList.forEach(ImmutableList.java:421) ~[guava-33.6.0-jre.jar:?]
	at net.minecraft.world.level.chunk.ChunkGenerator.addVanillaDecorations(ChunkGenerator.java:379) ~[paper-26.2.jar:26.2-112-c9e894d]
	at net.minecraft.world.level.chunk.ChunkGenerator.applyBiomeDecoration(ChunkGenerator.java:459) ~[paper-26.2.jar:26.2-112-c9e894d]
	at net.minecraft.world.level.chunk.ChunkGenerator.applyBiomeDecoration(ChunkGenerator.java:452) ~[paper-26.2.jar:26.2-112-c9e894d]
	at net.minecraft.world.level.chunk.status.ChunkStatusTasks.generateFeatures(ChunkStatusTasks.java:147) ~[paper-26.2.jar:26.2-112-c9e894d]
	at net.minecraft.world.level.chunk.status.ChunkStep.apply(ChunkStep.java:65) ~[paper-26.2.jar:26.2-112-c9e894d]
	at ca.spottedleaf.moonrise.patches.chunk_system.scheduling.task.ChunkUpgradeGenericStatusTask.run(ChunkUpgradeGenericStatusTask.java:97) ~[paper-26.2.jar:26.2-112-c9e894d]
	at ca.spottedleaf.concurrentutil.executor.queue.AreaDependentQueue$QueuedTask.run(AreaDependentQueue.java:1154) ~[leafpile-1.0.0.jar:?]
	at ca.spottedleaf.concurrentutil.executor.thread.BalancedPrioritisedThreadPool$OrderedStreamGroup$Queue.lambda$createTask$0(BalancedPrioritisedThreadPool.java:467) ~[leafpile-1.0.0.jar:?]
	at ca.spottedleaf.concurrentutil.executor.queue.PrioritisedTaskQueue$PrioritisedQueuedTask.execute(PrioritisedTaskQueue.java:345) ~[leafpile-1.0.0.jar:?]
	at ca.spottedleaf.concurrentutil.executor.thread.BalancedPrioritisedThreadPool$OrderedStreamGroup.executeTask(BalancedPrioritisedThreadPool.java:344) ~[leafpile-1.0.0.jar:?]
	at ca.spottedleaf.concurrentutil.executor.thread.BalancedPrioritisedThreadPool$WorkerThread.pollTasks(BalancedPrioritisedThreadPool.java:630) ~[leafpile-1.0.0.jar:?]
	at ca.spottedleaf.concurrentutil.executor.QueueExecutorRunnable.mainLoop(QueueExecutorRunnable.java:74) ~[leafpile-1.0.0.jar:?]
	at ca.spottedleaf.concurrentutil.executor.QueueExecutorRunnable.doRun(QueueExecutorRunnable.java:115) ~[leafpile-1.0.0.jar:?]
	at ca.spottedleaf.concurrentutil.executor.QueueExecutorRunnable.run(QueueExecutorRunnable.java:42) ~[leafpile-1.0.0.jar:?]
	at ca.spottedleaf.concurrentutil.util.LazyRunnable.run(LazyRunnable.java:25) ~[leafpile-1.0.0.jar:?]
	at java.base/java.lang.Thread.run(Thread.java:1474) ~[?:?]
[00:59:30 ERROR]: Error executing task on Server
java.lang.IllegalStateException: Thread failed main thread check: Accessing poi chunk off-main, context=thread=Paper Common Worker #2, world=minecraft:overworld, chunk_pos=[-64, 17]
	at ca.spottedleaf.moonrise.common.util.TickThread.ensureTickThread(TickThread.java:65) ~[paper-26.2.jar:26.2-112-c9e894d]
	at net.minecraft.world.entity.ai.village.poi.PoiManager.getOrLoad(PoiManager.java:89) ~[paper-26.2.jar:26.2-112-c9e894d]
	at net.minecraft.world.entity.ai.village.poi.PoiManager.exists(PoiManager.java:410) ~[paper-26.2.jar:26.2-112-c9e894d]
	at net.minecraft.server.level.ServerLevel.lambda$updatePOIOnBlockStateChange$3(ServerLevel.java:2400) ~[paper-26.2.jar:26.2-112-c9e894d]
	at net.minecraft.server.TickTask.run(TickTask.java:18) ~[paper-26.2.jar:26.2-112-c9e894d]
	at net.minecraft.util.thread.BlockableEventLoop.doRunTask(BlockableEventLoop.java:207) ~[paper-26.2.jar:26.2-112-c9e894d]
	at net.minecraft.util.thread.ReentrantBlockableEventLoop.doRunTask(ReentrantBlockableEventLoop.java:24) ~[paper-26.2.jar:26.2-112-c9e894d]
	at net.minecraft.server.MinecraftServer.doRunTask(MinecraftServer.java:1534) ~[paper-26.2.jar:26.2-112-c9e894d]
	at net.minecraft.server.MinecraftServer.doRunTask(MinecraftServer.java:192) ~[paper-26.2.jar:26.2-112-c9e894d]
	at net.minecraft.util.thread.BlockableEventLoop.execute(BlockableEventLoop.java:150) ~[paper-26.2.jar:26.2-112-c9e894d]
	at net.minecraft.server.level.ServerLevel.lambda$updatePOIOnBlockStateChange$2(ServerLevel.java:2398) ~[paper-26.2.jar:26.2-112-c9e894d]
	at java.base/java.util.Optional.ifPresent(Optional.java:178) ~[?:?]
	at net.minecraft.server.level.ServerLevel.updatePOIOnBlockStateChange(ServerLevel.java:2398) ~[paper-26.2.jar:26.2-112-c9e894d]
	at net.minecraft.server.level.WorldGenRegion.setBlock(WorldGenRegion.java:366) ~[paper-26.2.jar:26.2-112-c9e894d]
	at net.minecraft.world.level.LevelWriter.setBlock(LevelWriter.java:13) ~[paper-26.2.jar:26.2-112-c9e894d]
	at net.minecraft.world.level.levelgen.structure.templatesystem.StructureTemplate.placeInWorld(StructureTemplate.java:322) ~[paper-26.2.jar:26.2-112-c9e894d]
	at net.minecraft.world.level.levelgen.structure.pools.SinglePoolElement.place(SinglePoolElement.java:152) ~[paper-26.2.jar:26.2-112-c9e894d]
	at net.minecraft.world.level.levelgen.structure.PoolElementStructurePiece.place(PoolElementStructurePiece.java:113) ~[paper-26.2.jar:26.2-112-c9e894d]
	at net.minecraft.world.level.levelgen.structure.PoolElementStructurePiece.postProcess(PoolElementStructurePiece.java:100) ~[paper-26.2.jar:26.2-112-c9e894d]
	at net.minecraft.world.level.levelgen.structure.StructureStart.placeInChunk(StructureStart.java:111) ~[paper-26.2.jar:26.2-112-c9e894d]
	at net.minecraft.world.level.chunk.ChunkGenerator.lambda$addVanillaDecorations$3(ChunkGenerator.java:379) ~[paper-26.2.jar:26.2-112-c9e894d]
	at com.google.common.collect.ImmutableList.forEach(ImmutableList.java:421) ~[guava-33.6.0-jre.jar:?]
	at net.minecraft.world.level.chunk.ChunkGenerator.addVanillaDecorations(ChunkGenerator.java:379) ~[paper-26.2.jar:26.2-112-c9e894d]
	at net.minecraft.world.level.chunk.ChunkGenerator.applyBiomeDecoration(ChunkGenerator.java:459) ~[paper-26.2.jar:26.2-112-c9e894d]
	at net.minecraft.world.level.chunk.ChunkGenerator.applyBiomeDecoration(ChunkGenerator.java:452) ~[paper-26.2.jar:26.2-112-c9e894d]
	at net.minecraft.world.level.chunk.status.ChunkStatusTasks.generateFeatures(ChunkStatusTasks.java:147) ~[paper-26.2.jar:26.2-112-c9e894d]
	at net.minecraft.world.level.chunk.status.ChunkStep.apply(ChunkStep.java:65) ~[paper-26.2.jar:26.2-112-c9e894d]
	at ca.spottedleaf.moonrise.patches.chunk_system.scheduling.task.ChunkUpgradeGenericStatusTask.run(ChunkUpgradeGenericStatusTask.java:97) ~[paper-26.2.jar:26.2-112-c9e894d]
	at ca.spottedleaf.concurrentutil.executor.queue.AreaDependentQueue$QueuedTask.run(AreaDependentQueue.java:1154) ~[leafpile-1.0.0.jar:?]
	at ca.spottedleaf.concurrentutil.executor.thread.BalancedPrioritisedThreadPool$OrderedStreamGroup$Queue.lambda$createTask$0(BalancedPrioritisedThreadPool.java:467) ~[leafpile-1.0.0.jar:?]
	at ca.spottedleaf.concurrentutil.executor.queue.PrioritisedTaskQueue$PrioritisedQueuedTask.execute(PrioritisedTaskQueue.java:345) ~[leafpile-1.0.0.jar:?]
	at ca.spottedleaf.concurrentutil.executor.thread.BalancedPrioritisedThreadPool$OrderedStreamGroup.executeTask(BalancedPrioritisedThreadPool.java:344) ~[leafpile-1.0.0.jar:?]
	at ca.spottedleaf.concurrentutil.executor.thread.BalancedPrioritisedThreadPool$WorkerThread.pollTasks(BalancedPrioritisedThreadPool.java:630) ~[leafpile-1.0.0.jar:?]
	at ca.spottedleaf.concurrentutil.executor.QueueExecutorRunnable.mainLoop(QueueExecutorRunnable.java:74) ~[leafpile-1.0.0.jar:?]
	at ca.spottedleaf.concurrentutil.executor.QueueExecutorRunnable.doRun(QueueExecutorRunnable.java:115) ~[leafpile-1.0.0.jar:?]
	at ca.spottedleaf.concurrentutil.executor.QueueExecutorRunnable.run(QueueExecutorRunnable.java:42) ~[leafpile-1.0.0.jar:?]
	at ca.spottedleaf.concurrentutil.util.LazyRunnable.run(LazyRunnable.java:25) ~[leafpile-1.0.0.jar:?]
	at java.base/java.lang.Thread.run(Thread.java:1474) ~[?:?]
[00:59:30 ERROR]: [ca.spottedleaf.moonrise.common.util.TickThread] Thread failed main thread check: Accessing poi chunk off-main, context=thread=Paper Common Worker #2, world=minecraft:overworld, chunk_pos=[-64, 17]
java.lang.Throwable
	at ca.spottedleaf.moonrise.common.util.TickThread.ensureTickThread(TickThread.java:64) ~[paper-26.2.jar:26.2-112-c9e894d]
	at net.minecraft.world.entity.ai.village.poi.PoiManager.getOrLoad(PoiManager.java:89) ~[paper-26.2.jar:26.2-112-c9e894d]
	at net.minecraft.world.entity.ai.village.poi.PoiManager.exists(PoiManager.java:410) ~[paper-26.2.jar:26.2-112-c9e894d]
	at net.minecraft.server.level.ServerLevel.lambda$updatePOIOnBlockStateChange$3(ServerLevel.java:2400) ~[paper-26.2.jar:26.2-112-c9e894d]
	at net.minecraft.server.TickTask.run(TickTask.java:18) ~[paper-26.2.jar:26.2-112-c9e894d]
	at net.minecraft.util.thread.BlockableEventLoop.doRunTask(BlockableEventLoop.java:207) ~[paper-26.2.jar:26.2-112-c9e894d]
	at net.minecraft.util.thread.ReentrantBlockableEventLoop.doRunTask(ReentrantBlockableEventLoop.java:24) ~[paper-26.2.jar:26.2-112-c9e894d]
	at net.minecraft.server.MinecraftServer.doRunTask(MinecraftServer.java:1534) ~[paper-26.2.jar:26.2-112-c9e894d]
	at net.minecraft.server.MinecraftServer.doRunTask(MinecraftServer.java:192) ~[paper-26.2.jar:26.2-112-c9e894d]
	at net.minecraft.util.thread.BlockableEventLoop.execute(BlockableEventLoop.java:150) ~[paper-26.2.jar:26.2-112-c9e894d]
	at net.minecraft.server.level.ServerLevel.lambda$updatePOIOnBlockStateChange$2(ServerLevel.java:2398) ~[paper-26.2.jar:26.2-112-c9e894d]
	at java.base/java.util.Optional.ifPresent(Optional.java:178) ~[?:?]
	at net.minecraft.server.level.ServerLevel.updatePOIOnBlockStateChange(ServerLevel.java:2398) ~[paper-26.2.jar:26.2-112-c9e894d]
	at net.minecraft.server.level.WorldGenRegion.setBlock(WorldGenRegion.java:366) ~[paper-26.2.jar:26.2-112-c9e894d]
	at net.minecraft.world.level.LevelWriter.setBlock(LevelWriter.java:13) ~[paper-26.2.jar:26.2-112-c9e894d]
	at net.minecraft.world.level.levelgen.structure.templatesystem.StructureTemplate.placeInWorld(StructureTemplate.java:322) ~[paper-26.2.jar:26.2-112-c9e894d]
	at net.minecraft.world.level.levelgen.structure.pools.SinglePoolElement.place(SinglePoolElement.java:152) ~[paper-26.2.jar:26.2-112-c9e894d]
	at net.minecraft.world.level.levelgen.structure.PoolElementStructurePiece.place(PoolElementStructurePiece.java:113) ~[paper-26.2.jar:26.2-112-c9e894d]
	at net.minecraft.world.level.levelgen.structure.PoolElementStructurePiece.postProcess(PoolElementStructurePiece.java:100) ~[paper-26.2.jar:26.2-112-c9e894d]
	at net.minecraft.world.level.levelgen.structure.StructureStart.placeInChunk(StructureStart.java:111) ~[paper-26.2.jar:26.2-112-c9e894d]
	at net.minecraft.world.level.chunk.ChunkGenerator.lambda$addVanillaDecorations$3(ChunkGenerator.java:379) ~[paper-26.2.jar:26.2-112-c9e894d]
	at com.google.common.collect.ImmutableList.forEach(ImmutableList.java:421) ~[guava-33.6.0-jre.jar:?]
	at net.minecraft.world.level.chunk.ChunkGenerator.addVanillaDecorations(ChunkGenerator.java:379) ~[paper-26.2.jar:26.2-112-c9e894d]
	at net.minecraft.world.level.chunk.ChunkGenerator.applyBiomeDecoration(ChunkGenerator.java:459) ~[paper-26.2.jar:26.2-112-c9e894d]
	at net.minecraft.world.level.chunk.ChunkGenerator.applyBiomeDecoration(ChunkGenerator.java:452) ~[paper-26.2.jar:26.2-112-c9e894d]
	at net.minecraft.world.level.chunk.status.ChunkStatusTasks.generateFeatures(ChunkStatusTasks.java:147) ~[paper-26.2.jar:26.2-112-c9e894d]
	at net.minecraft.world.level.chunk.status.ChunkStep.apply(ChunkStep.java:65) ~[paper-26.2.jar:26.2-112-c9e894d]
	at ca.spottedleaf.moonrise.patches.chunk_system.scheduling.task.ChunkUpgradeGenericStatusTask.run(ChunkUpgradeGenericStatusTask.java:97) ~[paper-26.2.jar:26.2-112-c9e894d]
	at ca.spottedleaf.concurrentutil.executor.queue.AreaDependentQueue$QueuedTask.run(AreaDependentQueue.java:1154) ~[leafpile-1.0.0.jar:?]
	at ca.spottedleaf.concurrentutil.executor.thread.BalancedPrioritisedThreadPool$OrderedStreamGroup$Queue.lambda$createTask$0(BalancedPrioritisedThreadPool.java:467) ~[leafpile-1.0.0.jar:?]
	at ca.spottedleaf.concurrentutil.executor.queue.PrioritisedTaskQueue$PrioritisedQueuedTask.execute(PrioritisedTaskQueue.java:345) ~[leafpile-1.0.0.jar:?]
	at ca.spottedleaf.concurrentutil.executor.thread.BalancedPrioritisedThreadPool$OrderedStreamGroup.executeTask(BalancedPrioritisedThreadPool.java:344) ~[leafpile-1.0.0.jar:?]
	at ca.spottedleaf.concurrentutil.executor.thread.BalancedPrioritisedThreadPool$WorkerThread.pollTasks(BalancedPrioritisedThreadPool.java:630) ~[leafpile-1.0.0.jar:?]
	at ca.spottedleaf.concurrentutil.executor.QueueExecutorRunnable.mainLoop(QueueExecutorRunnable.java:74) ~[leafpile-1.0.0.jar:?]
	at ca.spottedleaf.concurrentutil.executor.QueueExecutorRunnable.doRun(QueueExecutorRunnable.java:115) ~[leafpile-1.0.0.jar:?]
	at ca.spottedleaf.concurrentutil.executor.QueueExecutorRunnable.run(QueueExecutorRunnable.java:42) ~[leafpile-1.0.0.jar:?]
	at ca.spottedleaf.concurrentutil.util.LazyRunnable.run(LazyRunnable.java:25) ~[leafpile-1.0.0.jar:?]
	at java.base/java.lang.Thread.run(Thread.java:1474) ~[?:?]
[00:59:30 ERROR]: Error executing task on Server
java.lang.IllegalStateException: Thread failed main thread check: Accessing poi chunk off-main, context=thread=Paper Common Worker #2, world=minecraft:overworld, chunk_pos=[-64, 17]
	at ca.spottedleaf.moonrise.common.util.TickThread.ensureTickThread(TickThread.java:65) ~[paper-26.2.jar:26.2-112-c9e894d]
	at net.minecraft.world.entity.ai.village.poi.PoiManager.getOrLoad(PoiManager.java:89) ~[paper-26.2.jar:26.2-112-c9e894d]
	at net.minecraft.world.entity.ai.village.poi.PoiManager.exists(PoiManager.java:410) ~[paper-26.2.jar:26.2-112-c9e894d]
	at net.minecraft.server.level.ServerLevel.lambda$updatePOIOnBlockStateChange$3(ServerLevel.java:2400) ~[paper-26.2.jar:26.2-112-c9e894d]
	at net.minecraft.server.TickTask.run(TickTask.java:18) ~[paper-26.2.jar:26.2-112-c9e894d]
	at net.minecraft.util.thread.BlockableEventLoop.doRunTask(BlockableEventLoop.java:207) ~[paper-26.2.jar:26.2-112-c9e894d]
	at net.minecraft.util.thread.ReentrantBlockableEventLoop.doRunTask(ReentrantBlockableEventLoop.java:24) ~[paper-26.2.jar:26.2-112-c9e894d]
	at net.minecraft.server.MinecraftServer.doRunTask(MinecraftServer.java:1534) ~[paper-26.2.jar:26.2-112-c9e894d]
	at net.minecraft.server.MinecraftServer.doRunTask(MinecraftServer.java:192) ~[paper-26.2.jar:26.2-112-c9e894d]
	at net.minecraft.util.thread.BlockableEventLoop.execute(BlockableEventLoop.java:150) ~[paper-26.2.jar:26.2-112-c9e894d]
	at net.minecraft.server.level.ServerLevel.lambda$updatePOIOnBlockStateChange$2(ServerLevel.java:2398) ~[paper-26.2.jar:26.2-112-c9e894d]
	at java.base/java.util.Optional.ifPresent(Optional.java:178) ~[?:?]
	at net.minecraft.server.level.ServerLevel.updatePOIOnBlockStateChange(ServerLevel.java:2398) ~[paper-26.2.jar:26.2-112-c9e894d]
	at net.minecraft.server.level.WorldGenRegion.setBlock(WorldGenRegion.java:366) ~[paper-26.2.jar:26.2-112-c9e894d]
	at net.minecraft.world.level.LevelWriter.setBlock(LevelWriter.java:13) ~[paper-26.2.jar:26.2-112-c9e894d]
	at net.minecraft.world.level.levelgen.structure.templatesystem.StructureTemplate.placeInWorld(StructureTemplate.java:322) ~[paper-26.2.jar:26.2-112-c9e894d]
	at net.minecraft.world.level.levelgen.structure.pools.SinglePoolElement.place(SinglePoolElement.java:152) ~[paper-26.2.jar:26.2-112-c9e894d]
	at net.minecraft.world.level.levelgen.structure.PoolElementStructurePiece.place(PoolElementStructurePiece.java:113) ~[paper-26.2.jar:26.2-112-c9e894d]
	at net.minecraft.world.level.levelgen.structure.PoolElementStructurePiece.postProcess(PoolElementStructurePiece.java:100) ~[paper-26.2.jar:26.2-112-c9e894d]
	at net.minecraft.world.level.levelgen.structure.StructureStart.placeInChunk(StructureStart.java:111) ~[paper-26.2.jar:26.2-112-c9e894d]
	at net.minecraft.world.level.chunk.ChunkGenerator.lambda$addVanillaDecorations$3(ChunkGenerator.java:379) ~[paper-26.2.jar:26.2-112-c9e894d]
	at com.google.common.collect.ImmutableList.forEach(ImmutableList.java:421) ~[guava-33.6.0-jre.jar:?]
	at net.minecraft.world.level.chunk.ChunkGenerator.addVanillaDecorations(ChunkGenerator.java:379) ~[paper-26.2.jar:26.2-112-c9e894d]
	at net.minecraft.world.level.chunk.ChunkGenerator.applyBiomeDecoration(ChunkGenerator.java:459) ~[paper-26.2.jar:26.2-112-c9e894d]
	at net.minecraft.world.level.chunk.ChunkGenerator.applyBiomeDecoration(ChunkGenerator.java:452) ~[paper-26.2.jar:26.2-112-c9e894d]
	at net.minecraft.world.level.chunk.status.ChunkStatusTasks.generateFeatures(ChunkStatusTasks.java:147) ~[paper-26.2.jar:26.2-112-c9e894d]
	at net.minecraft.world.level.chunk.status.ChunkStep.apply(ChunkStep.java:65) ~[paper-26.2.jar:26.2-112-c9e894d]
	at ca.spottedleaf.moonrise.patches.chunk_system.scheduling.task.ChunkUpgradeGenericStatusTask.run(ChunkUpgradeGenericStatusTask.java:97) ~[paper-26.2.jar:26.2-112-c9e894d]
	at ca.spottedleaf.concurrentutil.executor.queue.AreaDependentQueue$QueuedTask.run(AreaDependentQueue.java:1154) ~[leafpile-1.0.0.jar:?]
	at ca.spottedleaf.concurrentutil.executor.thread.BalancedPrioritisedThreadPool$OrderedStreamGroup$Queue.lambda$createTask$0(BalancedPrioritisedThreadPool.java:467) ~[leafpile-1.0.0.jar:?]
	at ca.spottedleaf.concurrentutil.executor.queue.PrioritisedTaskQueue$PrioritisedQueuedTask.execute(PrioritisedTaskQueue.java:345) ~[leafpile-1.0.0.jar:?]
	at ca.spottedleaf.concurrentutil.executor.thread.BalancedPrioritisedThreadPool$OrderedStreamGroup.executeTask(BalancedPrioritisedThreadPool.java:344) ~[leafpile-1.0.0.jar:?]
	at ca.spottedleaf.concurrentutil.executor.thread.BalancedPrioritisedThreadPool$WorkerThread.pollTasks(BalancedPrioritisedThreadPool.java:630) ~[leafpile-1.0.0.jar:?]
	at ca.spottedleaf.concurrentutil.executor.QueueExecutorRunnable.mainLoop(QueueExecutorRunnable.java:74) ~[leafpile-1.0.0.jar:?]
	at ca.spottedleaf.concurrentutil.executor.QueueExecutorRunnable.doRun(QueueExecutorRunnable.java:115) ~[leafpile-1.0.0.jar:?]
	at ca.spottedleaf.concurrentutil.executor.QueueExecutorRunnable.run(QueueExecutorRunnable.java:42) ~[leafpile-1.0.0.jar:?]
	at ca.spottedleaf.concurrentutil.util.LazyRunnable.run(LazyRunnable.java:25) ~[leafpile-1.0.0.jar:?]
	at java.base/java.lang.Thread.run(Thread.java:1474) ~[?:?]
[00:59:30 ERROR]: [ca.spottedleaf.moonrise.common.util.TickThread] Thread failed main thread check: Accessing poi chunk off-main, context=thread=Paper Common Worker #2, world=minecraft:overworld, chunk_pos=[-64, 17]
java.lang.Throwable
	at ca.spottedleaf.moonrise.common.util.TickThread.ensureTickThread(TickThread.java:64) ~[paper-26.2.jar:26.2-112-c9e894d]
	at net.minecraft.world.entity.ai.village.poi.PoiManager.getOrLoad(PoiManager.java:89) ~[paper-26.2.jar:26.2-112-c9e894d]
	at net.minecraft.world.entity.ai.village.poi.PoiManager.exists(PoiManager.java:410) ~[paper-26.2.jar:26.2-112-c9e894d]
	at net.minecraft.server.level.ServerLevel.lambda$updatePOIOnBlockStateChange$3(ServerLevel.java:2400) ~[paper-26.2.jar:26.2-112-c9e894d]
	at net.minecraft.server.TickTask.run(TickTask.java:18) ~[paper-26.2.jar:26.2-112-c9e894d]
	at net.minecraft.util.thread.BlockableEventLoop.doRunTask(BlockableEventLoop.java:207) ~[paper-26.2.jar:26.2-112-c9e894d]
	at net.minecraft.util.thread.ReentrantBlockableEventLoop.doRunTask(ReentrantBlockableEventLoop.java:24) ~[paper-26.2.jar:26.2-112-c9e894d]
	at net.minecraft.server.MinecraftServer.doRunTask(MinecraftServer.java:1534) ~[paper-26.2.jar:26.2-112-c9e894d]
	at net.minecraft.server.MinecraftServer.doRunTask(MinecraftServer.java:192) ~[paper-26.2.jar:26.2-112-c9e894d]
	at net.minecraft.util.thread.BlockableEventLoop.execute(BlockableEventLoop.java:150) ~[paper-26.2.jar:26.2-112-c9e894d]
	at net.minecraft.server.level.ServerLevel.lambda$updatePOIOnBlockStateChange$2(ServerLevel.java:2398) ~[paper-26.2.jar:26.2-112-c9e894d]
	at java.base/java.util.Optional.ifPresent(Optional.java:178) ~[?:?]
	at net.minecraft.server.level.ServerLevel.updatePOIOnBlockStateChange(ServerLevel.java:2398) ~[paper-26.2.jar:26.2-112-c9e894d]
	at net.minecraft.server.level.WorldGenRegion.setBlock(WorldGenRegion.java:366) ~[paper-26.2.jar:26.2-112-c9e894d]
	at net.minecraft.world.level.LevelWriter.setBlock(LevelWriter.java:13) ~[paper-26.2.jar:26.2-112-c9e894d]
	at net.minecraft.world.level.levelgen.structure.templatesystem.StructureTemplate.placeInWorld(StructureTemplate.java:322) ~[paper-26.2.jar:26.2-112-c9e894d]
	at net.minecraft.world.level.levelgen.structure.pools.SinglePoolElement.place(SinglePoolElement.java:152) ~[paper-26.2.jar:26.2-112-c9e894d]
	at net.minecraft.world.level.levelgen.structure.PoolElementStructurePiece.place(PoolElementStructurePiece.java:113) ~[paper-26.2.jar:26.2-112-c9e894d]
	at net.minecraft.world.level.levelgen.structure.PoolElementStructurePiece.postProcess(PoolElementStructurePiece.java:100) ~[paper-26.2.jar:26.2-112-c9e894d]
	at net.minecraft.world.level.levelgen.structure.StructureStart.placeInChunk(StructureStart.java:111) ~[paper-26.2.jar:26.2-112-c9e894d]
	at net.minecraft.world.level.chunk.ChunkGenerator.lambda$addVanillaDecorations$3(ChunkGenerator.java:379) ~[paper-26.2.jar:26.2-112-c9e894d]
	at com.google.common.collect.ImmutableList.forEach(ImmutableList.java:421) ~[guava-33.6.0-jre.jar:?]
	at net.minecraft.world.level.chunk.ChunkGenerator.addVanillaDecorations(ChunkGenerator.java:379) ~[paper-26.2.jar:26.2-112-c9e894d]
	at net.minecraft.world.level.chunk.ChunkGenerator.applyBiomeDecoration(ChunkGenerator.java:459) ~[paper-26.2.jar:26.2-112-c9e894d]
	at net.minecraft.world.level.chunk.ChunkGenerator.applyBiomeDecoration(ChunkGenerator.java:452) ~[paper-26.2.jar:26.2-112-c9e894d]
	at net.minecraft.world.level.chunk.status.ChunkStatusTasks.generateFeatures(ChunkStatusTasks.java:147) ~[paper-26.2.jar:26.2-112-c9e894d]
	at net.minecraft.world.level.chunk.status.ChunkStep.apply(ChunkStep.java:65) ~[paper-26.2.jar:26.2-112-c9e894d]
	at ca.spottedleaf.moonrise.patches.chunk_system.scheduling.task.ChunkUpgradeGenericStatusTask.run(ChunkUpgradeGenericStatusTask.java:97) ~[paper-26.2.jar:26.2-112-c9e894d]
	at ca.spottedleaf.concurrentutil.executor.queue.AreaDependentQueue$QueuedTask.run(AreaDependentQueue.java:1154) ~[leafpile-1.0.0.jar:?]
	at ca.spottedleaf.concurrentutil.executor.thread.BalancedPrioritisedThreadPool$OrderedStreamGroup$Queue.lambda$createTask$0(BalancedPrioritisedThreadPool.java:467) ~[leafpile-1.0.0.jar:?]
	at ca.spottedleaf.concurrentutil.executor.queue.PrioritisedTaskQueue$PrioritisedQueuedTask.execute(PrioritisedTaskQueue.java:345) ~[leafpile-1.0.0.jar:?]
	at ca.spottedleaf.concurrentutil.executor.thread.BalancedPrioritisedThreadPool$OrderedStreamGroup.executeTask(BalancedPrioritisedThreadPool.java:344) ~[leafpile-1.0.0.jar:?]
	at ca.spottedleaf.concurrentutil.executor.thread.BalancedPrioritisedThreadPool$WorkerThread.pollTasks(BalancedPrioritisedThreadPool.java:630) ~[leafpile-1.0.0.jar:?]
	at ca.spottedleaf.concurrentutil.executor.QueueExecutorRunnable.mainLoop(QueueExecutorRunnable.java:74) ~[leafpile-1.0.0.jar:?]
	at ca.spottedleaf.concurrentutil.executor.QueueExecutorRunnable.doRun(QueueExecutorRunnable.java:115) ~[leafpile-1.0.0.jar:?]
	at ca.spottedleaf.concurrentutil.executor.QueueExecutorRunnable.run(QueueExecutorRunnable.java:42) ~[leafpile-1.0.0.jar:?]
	at ca.spottedleaf.concurrentutil.util.LazyRunnable.run(LazyRunnable.java:25) ~[leafpile-1.0.0.jar:?]
	at java.base/java.lang.Thread.run(Thread.java:1474) ~[?:?]
[00:59:30 ERROR]: Error executing task on Server
java.lang.IllegalStateException: Thread failed main thread check: Accessing poi chunk off-main, context=thread=Paper Common Worker #2, world=minecraft:overworld, chunk_pos=[-64, 17]
	at ca.spottedleaf.moonrise.common.util.TickThread.ensureTickThread(TickThread.java:65) ~[paper-26.2.jar:26.2-112-c9e894d]
	at net.minecraft.world.entity.ai.village.poi.PoiManager.getOrLoad(PoiManager.java:89) ~[paper-26.2.jar:26.2-112-c9e894d]
	at net.minecraft.world.entity.ai.village.poi.PoiManager.exists(PoiManager.java:410) ~[paper-26.2.jar:26.2-112-c9e894d]
	at net.minecraft.server.level.ServerLevel.lambda$updatePOIOnBlockStateChange$3(ServerLevel.java:2400) ~[paper-26.2.jar:26.2-112-c9e894d]
	at net.minecraft.server.TickTask.run(TickTask.java:18) ~[paper-26.2.jar:26.2-112-c9e894d]
	at net.minecraft.util.thread.BlockableEventLoop.doRunTask(BlockableEventLoop.java:207) ~[paper-26.2.jar:26.2-112-c9e894d]
	at net.minecraft.util.thread.ReentrantBlockableEventLoop.doRunTask(ReentrantBlockableEventLoop.java:24) ~[paper-26.2.jar:26.2-112-c9e894d]
	at net.minecraft.server.MinecraftServer.doRunTask(MinecraftServer.java:1534) ~[paper-26.2.jar:26.2-112-c9e894d]
	at net.minecraft.server.MinecraftServer.doRunTask(MinecraftServer.java:192) ~[paper-26.2.jar:26.2-112-c9e894d]
	at net.minecraft.util.thread.BlockableEventLoop.execute(BlockableEventLoop.java:150) ~[paper-26.2.jar:26.2-112-c9e894d]
	at net.minecraft.server.level.ServerLevel.lambda$updatePOIOnBlockStateChange$2(ServerLevel.java:2398) ~[paper-26.2.jar:26.2-112-c9e894d]
	at java.base/java.util.Optional.ifPresent(Optional.java:178) ~[?:?]
	at net.minecraft.server.level.ServerLevel.updatePOIOnBlockStateChange(ServerLevel.java:2398) ~[paper-26.2.jar:26.2-112-c9e894d]
	at net.minecraft.server.level.WorldGenRegion.setBlock(WorldGenRegion.java:366) ~[paper-26.2.jar:26.2-112-c9e894d]
	at net.minecraft.world.level.LevelWriter.setBlock(LevelWriter.java:13) ~[paper-26.2.jar:26.2-112-c9e894d]
	at net.minecraft.world.level.levelgen.structure.templatesystem.StructureTemplate.placeInWorld(StructureTemplate.java:322) ~[paper-26.2.jar:26.2-112-c9e894d]
	at net.minecraft.world.level.levelgen.structure.pools.SinglePoolElement.place(SinglePoolElement.java:152) ~[paper-26.2.jar:26.2-112-c9e894d]
	at net.minecraft.world.level.levelgen.structure.PoolElementStructurePiece.place(PoolElementStructurePiece.java:113) ~[paper-26.2.jar:26.2-112-c9e894d]
	at net.minecraft.world.level.levelgen.structure.PoolElementStructurePiece.postProcess(PoolElementStructurePiece.java:100) ~[paper-26.2.jar:26.2-112-c9e894d]
	at net.minecraft.world.level.levelgen.structure.StructureStart.placeInChunk(StructureStart.java:111) ~[paper-26.2.jar:26.2-112-c9e894d]
	at net.minecraft.world.level.chunk.ChunkGenerator.lambda$addVanillaDecorations$3(ChunkGenerator.java:379) ~[paper-26.2.jar:26.2-112-c9e894d]
	at com.google.common.collect.ImmutableList.forEach(ImmutableList.java:421) ~[guava-33.6.0-jre.jar:?]
	at net.minecraft.world.level.chunk.ChunkGenerator.addVanillaDecorations(ChunkGenerator.java:379) ~[paper-26.2.jar:26.2-112-c9e894d]
	at net.minecraft.world.level.chunk.ChunkGenerator.applyBiomeDecoration(ChunkGenerator.java:459) ~[paper-26.2.jar:26.2-112-c9e894d]
	at net.minecraft.world.level.chunk.ChunkGenerator.applyBiomeDecoration(ChunkGenerator.java:452) ~[paper-26.2.jar:26.2-112-c9e894d]
	at net.minecraft.world.level.chunk.status.ChunkStatusTasks.generateFeatures(ChunkStatusTasks.java:147) ~[paper-26.2.jar:26.2-112-c9e894d]
	at net.minecraft.world.level.chunk.status.ChunkStep.apply(ChunkStep.java:65) ~[paper-26.2.jar:26.2-112-c9e894d]
	at ca.spottedleaf.moonrise.patches.chunk_system.scheduling.task.ChunkUpgradeGenericStatusTask.run(ChunkUpgradeGenericStatusTask.java:97) ~[paper-26.2.jar:26.2-112-c9e894d]
	at ca.spottedleaf.concurrentutil.executor.queue.AreaDependentQueue$QueuedTask.run(AreaDependentQueue.java:1154) ~[leafpile-1.0.0.jar:?]
	at ca.spottedleaf.concurrentutil.executor.thread.BalancedPrioritisedThreadPool$OrderedStreamGroup$Queue.lambda$createTask$0(BalancedPrioritisedThreadPool.java:467) ~[leafpile-1.0.0.jar:?]
	at ca.spottedleaf.concurrentutil.executor.queue.PrioritisedTaskQueue$PrioritisedQueuedTask.execute(PrioritisedTaskQueue.java:345) ~[leafpile-1.0.0.jar:?]
	at ca.spottedleaf.concurrentutil.executor.thread.BalancedPrioritisedThreadPool$OrderedStreamGroup.executeTask(BalancedPrioritisedThreadPool.java:344) ~[leafpile-1.0.0.jar:?]
	at ca.spottedleaf.concurrentutil.executor.thread.BalancedPrioritisedThreadPool$WorkerThread.pollTasks(BalancedPrioritisedThreadPool.java:630) ~[leafpile-1.0.0.jar:?]
	at ca.spottedleaf.concurrentutil.executor.QueueExecutorRunnable.mainLoop(QueueExecutorRunnable.java:74) ~[leafpile-1.0.0.jar:?]
	at ca.spottedleaf.concurrentutil.executor.QueueExecutorRunnable.doRun(QueueExecutorRunnable.java:115) ~[leafpile-1.0.0.jar:?]
	at ca.spottedleaf.concurrentutil.executor.QueueExecutorRunnable.run(QueueExecutorRunnable.java:42) ~[leafpile-1.0.0.jar:?]
	at ca.spottedleaf.concurrentutil.util.LazyRunnable.run(LazyRunnable.java:25) ~[leafpile-1.0.0.jar:?]
	at java.base/java.lang.Thread.run(Thread.java:1474) ~[?:?]
[00:59:30 ERROR]: [STDERR] [me.lucko.spark.paper.common.util.log.Logger$1] Uncaught exception thrown in thread spark-monitoring-1-thread-1
[00:59:30 WARN]: java.util.concurrent.CancellationException
[00:59:30 WARN]: 	at java.base/java.util.concurrent.FutureTask.report(FutureTask.java:123)
[00:59:30 WARN]: 	at java.base/java.util.concurrent.FutureTask.get(FutureTask.java:193)
[00:59:30 WARN]: 	at me.lucko.spark.paper.common.util.SparkScheduledThreadPoolExecutor.afterExecute(SparkScheduledThreadPoolExecutor.java:48)
[00:59:30 WARN]: 	at java.base/java.util.concurrent.ThreadPoolExecutor.runWorker(ThreadPoolExecutor.java:1091)
[00:59:30 WARN]: 	at java.base/java.util.concurrent.ThreadPoolExecutor$Worker.run(ThreadPoolExecutor.java:614)
[00:59:30 WARN]: 	at java.base/java.lang.Thread.run(Thread.java:1474)
[00:59:30 INFO]: [io.zonky.test.db.postgres.embedded.EmbeddedPostgres] 2026-08-16 00:59:30.879 +07 [23632] LOG:  database system is shut down
[00:59:30 INFO]: [io.zonky.test.db.postgres.embedded.EmbeddedPostgres] waiting for server to shut down..... done
[00:59:30 INFO]: [io.zonky.test.db.postgres.embedded.EmbeddedPostgres] server stopped
[00:59:30 INFO]: [io.zonky.test.db.postgres.embedded.EmbeddedPostgres] 80cd52fb-826a-46d2-9d61-23d019add622 shut down postmaster in 00:00:02.438
[00:59:30 INFO]: [io.zonky.test.db.postgres.embedded.EmbeddedPostgres] Did not clean up directory C:\Users\User\AppData\Local\BranzMMORPGHarness\repo\mmo-bootstrap\run\plugins\BranzMMO\embedded-postgres
[00:59:30 INFO]: [BranzMMO] Branz MMO platform disabled cleanly.
[00:59:30 ERROR]: [ca.spottedleaf.moonrise.common.util.TickThread] Thread failed main thread check: Accessing poi chunk off-main, context=thread=Paper Common Worker #1, world=minecraft:overworld, chunk_pos=[-65, 17]
java.lang.Throwable
	at ca.spottedleaf.moonrise.common.util.TickThread.ensureTickThread(TickThread.java:64) ~[paper-26.2.jar:26.2-112-c9e894d]
	at net.minecraft.world.entity.ai.village.poi.PoiManager.getOrLoad(PoiManager.java:89) ~[paper-26.2.jar:26.2-112-c9e894d]
	at net.minecraft.world.entity.ai.village.poi.PoiManager.exists(PoiManager.java:410) ~[paper-26.2.jar:26.2-112-c9e894d]
	at net.minecraft.server.level.ServerLevel.lambda$updatePOIOnBlockStateChange$3(ServerLevel.java:2400) ~[paper-26.2.jar:26.2-112-c9e894d]
	at net.minecraft.server.TickTask.run(TickTask.java:18) ~[paper-26.2.jar:26.2-112-c9e894d]
	at net.minecraft.util.thread.BlockableEventLoop.doRunTask(BlockableEventLoop.java:207) ~[paper-26.2.jar:26.2-112-c9e894d]
	at net.minecraft.util.thread.ReentrantBlockableEventLoop.doRunTask(ReentrantBlockableEventLoop.java:24) ~[paper-26.2.jar:26.2-112-c9e894d]
	at net.minecraft.server.MinecraftServer.doRunTask(MinecraftServer.java:1534) ~[paper-26.2.jar:26.2-112-c9e894d]
	at net.minecraft.server.MinecraftServer.doRunTask(MinecraftServer.java:192) ~[paper-26.2.jar:26.2-112-c9e894d]
	at net.minecraft.util.thread.BlockableEventLoop.execute(BlockableEventLoop.java:150) ~[paper-26.2.jar:26.2-112-c9e894d]
	at net.minecraft.server.level.ServerLevel.lambda$updatePOIOnBlockStateChange$2(ServerLevel.java:2398) ~[paper-26.2.jar:26.2-112-c9e894d]
	at java.base/java.util.Optional.ifPresent(Optional.java:178) ~[?:?]
	at net.minecraft.server.level.ServerLevel.updatePOIOnBlockStateChange(ServerLevel.java:2398) ~[paper-26.2.jar:26.2-112-c9e894d]
	at net.minecraft.server.level.WorldGenRegion.setBlock(WorldGenRegion.java:366) ~[paper-26.2.jar:26.2-112-c9e894d]
	at net.minecraft.world.level.LevelWriter.setBlock(LevelWriter.java:13) ~[paper-26.2.jar:26.2-112-c9e894d]
	at net.minecraft.world.level.levelgen.structure.templatesystem.StructureTemplate.placeInWorld(StructureTemplate.java:322) ~[paper-26.2.jar:26.2-112-c9e894d]
	at net.minecraft.world.level.levelgen.structure.pools.SinglePoolElement.place(SinglePoolElement.java:152) ~[paper-26.2.jar:26.2-112-c9e894d]
	at net.minecraft.world.level.levelgen.structure.PoolElementStructurePiece.place(PoolElementStructurePiece.java:113) ~[paper-26.2.jar:26.2-112-c9e894d]
	at net.minecraft.world.level.levelgen.structure.PoolElementStructurePiece.postProcess(PoolElementStructurePiece.java:100) ~[paper-26.2.jar:26.2-112-c9e894d]
	at net.minecraft.world.level.levelgen.structure.StructureStart.placeInChunk(StructureStart.java:111) ~[paper-26.2.jar:26.2-112-c9e894d]
	at net.minecraft.world.level.chunk.ChunkGenerator.lambda$addVanillaDecorations$3(ChunkGenerator.java:379) ~[paper-26.2.jar:26.2-112-c9e894d]
	at com.google.common.collect.ImmutableList.forEach(ImmutableList.java:421) ~[guava-33.6.0-jre.jar:?]
	at net.minecraft.world.level.chunk.ChunkGenerator.addVanillaDecorations(ChunkGenerator.java:379) ~[paper-26.2.jar:26.2-112-c9e894d]
	at net.minecraft.world.level.chunk.ChunkGenerator.applyBiomeDecoration(ChunkGenerator.java:459) ~[paper-26.2.jar:26.2-112-c9e894d]
	at net.minecraft.world.level.chunk.ChunkGenerator.applyBiomeDecoration(ChunkGenerator.java:452) ~[paper-26.2.jar:26.2-112-c9e894d]
	at net.minecraft.world.level.chunk.status.ChunkStatusTasks.generateFeatures(ChunkStatusTasks.java:147) ~[paper-26.2.jar:26.2-112-c9e894d]
	at net.minecraft.world.level.chunk.status.ChunkStep.apply(ChunkStep.java:65) ~[paper-26.2.jar:26.2-112-c9e894d]
	at ca.spottedleaf.moonrise.patches.chunk_system.scheduling.task.ChunkUpgradeGenericStatusTask.run(ChunkUpgradeGenericStatusTask.java:97) ~[paper-26.2.jar:26.2-112-c9e894d]
	at ca.spottedleaf.concurrentutil.executor.queue.AreaDependentQueue$QueuedTask.run(AreaDependentQueue.java:1154) ~[leafpile-1.0.0.jar:?]
	at ca.spottedleaf.concurrentutil.executor.thread.BalancedPrioritisedThreadPool$OrderedStreamGroup$Queue.lambda$createTask$0(BalancedPrioritisedThreadPool.java:467) ~[leafpile-1.0.0.jar:?]
	at ca.spottedleaf.concurrentutil.executor.queue.PrioritisedTaskQueue$PrioritisedQueuedTask.execute(PrioritisedTaskQueue.java:345) ~[leafpile-1.0.0.jar:?]
	at ca.spottedleaf.concurrentutil.executor.thread.BalancedPrioritisedThreadPool$OrderedStreamGroup.executeTask(BalancedPrioritisedThreadPool.java:344) ~[leafpile-1.0.0.jar:?]
	at ca.spottedleaf.concurrentutil.executor.thread.BalancedPrioritisedThreadPool$WorkerThread.pollTasks(BalancedPrioritisedThreadPool.java:630) ~[leafpile-1.0.0.jar:?]
	at ca.spottedleaf.concurrentutil.executor.QueueExecutorRunnable.mainLoop(QueueExecutorRunnable.java:74) ~[leafpile-1.0.0.jar:?]
	at ca.spottedleaf.concurrentutil.executor.QueueExecutorRunnable.doRun(QueueExecutorRunnable.java:115) ~[leafpile-1.0.0.jar:?]
	at ca.spottedleaf.concurrentutil.executor.QueueExecutorRunnable.run(QueueExecutorRunnable.java:42) ~[leafpile-1.0.0.jar:?]
	at ca.spottedleaf.concurrentutil.util.LazyRunnable.run(LazyRunnable.java:25) ~[leafpile-1.0.0.jar:?]
	at java.base/java.lang.Thread.run(Thread.java:1474) ~[?:?]
[00:59:30 ERROR]: Error executing task on Server
java.lang.IllegalStateException: Thread failed main thread check: Accessing poi chunk off-main, context=thread=Paper Common Worker #1, world=minecraft:overworld, chunk_pos=[-65, 17]
	at ca.spottedleaf.moonrise.common.util.TickThread.ensureTickThread(TickThread.java:65) ~[paper-26.2.jar:26.2-112-c9e894d]
	at net.minecraft.world.entity.ai.village.poi.PoiManager.getOrLoad(PoiManager.java:89) ~[paper-26.2.jar:26.2-112-c9e894d]
	at net.minecraft.world.entity.ai.village.poi.PoiManager.exists(PoiManager.java:410) ~[paper-26.2.jar:26.2-112-c9e894d]
	at net.minecraft.server.level.ServerLevel.lambda$updatePOIOnBlockStateChange$3(ServerLevel.java:2400) ~[paper-26.2.jar:26.2-112-c9e894d]
	at net.minecraft.server.TickTask.run(TickTask.java:18) ~[paper-26.2.jar:26.2-112-c9e894d]
	at net.minecraft.util.thread.BlockableEventLoop.doRunTask(BlockableEventLoop.java:207) ~[paper-26.2.jar:26.2-112-c9e894d]
	at net.minecraft.util.thread.ReentrantBlockableEventLoop.doRunTask(ReentrantBlockableEventLoop.java:24) ~[paper-26.2.jar:26.2-112-c9e894d]
	at net.minecraft.server.MinecraftServer.doRunTask(MinecraftServer.java:1534) ~[paper-26.2.jar:26.2-112-c9e894d]
	at net.minecraft.server.MinecraftServer.doRunTask(MinecraftServer.java:192) ~[paper-26.2.jar:26.2-112-c9e894d]
	at net.minecraft.util.thread.BlockableEventLoop.execute(BlockableEventLoop.java:150) ~[paper-26.2.jar:26.2-112-c9e894d]
	at net.minecraft.server.level.ServerLevel.lambda$updatePOIOnBlockStateChange$2(ServerLevel.java:2398) ~[paper-26.2.jar:26.2-112-c9e894d]
	at java.base/java.util.Optional.ifPresent(Optional.java:178) ~[?:?]
	at net.minecraft.server.level.ServerLevel.updatePOIOnBlockStateChange(ServerLevel.java:2398) ~[paper-26.2.jar:26.2-112-c9e894d]
	at net.minecraft.server.level.WorldGenRegion.setBlock(WorldGenRegion.java:366) ~[paper-26.2.jar:26.2-112-c9e894d]
	at net.minecraft.world.level.LevelWriter.setBlock(LevelWriter.java:13) ~[paper-26.2.jar:26.2-112-c9e894d]
	at net.minecraft.world.level.levelgen.structure.templatesystem.StructureTemplate.placeInWorld(StructureTemplate.java:322) ~[paper-26.2.jar:26.2-112-c9e894d]
	at net.minecraft.world.level.levelgen.structure.pools.SinglePoolElement.place(SinglePoolElement.java:152) ~[paper-26.2.jar:26.2-112-c9e894d]
	at net.minecraft.world.level.levelgen.structure.PoolElementStructurePiece.place(PoolElementStructurePiece.java:113) ~[paper-26.2.jar:26.2-112-c9e894d]
	at net.minecraft.world.level.levelgen.structure.PoolElementStructurePiece.postProcess(PoolElementStructurePiece.java:100) ~[paper-26.2.jar:26.2-112-c9e894d]
	at net.minecraft.world.level.levelgen.structure.StructureStart.placeInChunk(StructureStart.java:111) ~[paper-26.2.jar:26.2-112-c9e894d]
	at net.minecraft.world.level.chunk.ChunkGenerator.lambda$addVanillaDecorations$3(ChunkGenerator.java:379) ~[paper-26.2.jar:26.2-112-c9e894d]
	at com.google.common.collect.ImmutableList.forEach(ImmutableList.java:421) ~[guava-33.6.0-jre.jar:?]
	at net.minecraft.world.level.chunk.ChunkGenerator.addVanillaDecorations(ChunkGenerator.java:379) ~[paper-26.2.jar:26.2-112-c9e894d]
	at net.minecraft.world.level.chunk.ChunkGenerator.applyBiomeDecoration(ChunkGenerator.java:459) ~[paper-26.2.jar:26.2-112-c9e894d]
	at net.minecraft.world.level.chunk.ChunkGenerator.applyBiomeDecoration(ChunkGenerator.java:452) ~[paper-26.2.jar:26.2-112-c9e894d]
	at net.minecraft.world.level.chunk.status.ChunkStatusTasks.generateFeatures(ChunkStatusTasks.java:147) ~[paper-26.2.jar:26.2-112-c9e894d]
	at net.minecraft.world.level.chunk.status.ChunkStep.apply(ChunkStep.java:65) ~[paper-26.2.jar:26.2-112-c9e894d]
	at ca.spottedleaf.moonrise.patches.chunk_system.scheduling.task.ChunkUpgradeGenericStatusTask.run(ChunkUpgradeGenericStatusTask.java:97) ~[paper-26.2.jar:26.2-112-c9e894d]
	at ca.spottedleaf.concurrentutil.executor.queue.AreaDependentQueue$QueuedTask.run(AreaDependentQueue.java:1154) ~[leafpile-1.0.0.jar:?]
	at ca.spottedleaf.concurrentutil.executor.thread.BalancedPrioritisedThreadPool$OrderedStreamGroup$Queue.lambda$createTask$0(BalancedPrioritisedThreadPool.java:467) ~[leafpile-1.0.0.jar:?]
	at ca.spottedleaf.concurrentutil.executor.queue.PrioritisedTaskQueue$PrioritisedQueuedTask.execute(PrioritisedTaskQueue.java:345) ~[leafpile-1.0.0.jar:?]
	at ca.spottedleaf.concurrentutil.executor.thread.BalancedPrioritisedThreadPool$OrderedStreamGroup.executeTask(BalancedPrioritisedThreadPool.java:344) ~[leafpile-1.0.0.jar:?]
	at ca.spottedleaf.concurrentutil.executor.thread.BalancedPrioritisedThreadPool$WorkerThread.pollTasks(BalancedPrioritisedThreadPool.java:630) ~[leafpile-1.0.0.jar:?]
	at ca.spottedleaf.concurrentutil.executor.QueueExecutorRunnable.mainLoop(QueueExecutorRunnable.java:74) ~[leafpile-1.0.0.jar:?]
	at ca.spottedleaf.concurrentutil.executor.QueueExecutorRunnable.doRun(QueueExecutorRunnable.java:115) ~[leafpile-1.0.0.jar:?]
	at ca.spottedleaf.concurrentutil.executor.QueueExecutorRunnable.run(QueueExecutorRunnable.java:42) ~[leafpile-1.0.0.jar:?]
	at ca.spottedleaf.concurrentutil.util.LazyRunnable.run(LazyRunnable.java:25) ~[leafpile-1.0.0.jar:?]
	at java.base/java.lang.Thread.run(Thread.java:1474) ~[?:?]
[00:59:30 INFO]: Saving players
[00:59:30 INFO]: Saving worlds
[00:59:30 INFO]: Saving chunks for level 'ServerLevel[world]'/minecraft:overworld
[00:59:31 INFO]: [ChunkHolderManager] Waiting 60s for chunk system to halt for world 'minecraft:overworld'
[00:59:31 INFO]: [ChunkHolderManager] Halted chunk system for world 'minecraft:overworld'
[00:59:31 INFO]: [ChunkHolderManager] Saving all chunkholders for world 'minecraft:overworld'
[00:59:32 INFO]: [ChunkHolderManager] Saved 2198 block chunks, 523 entity chunks, 1 poi chunks in world 'minecraft:overworld' in 1.56s
[00:59:32 INFO]: [ChunkHolderManager] Waiting 60s for chunk I/O to halt for world 'minecraft:overworld'
[00:59:32 INFO]: [ChunkHolderManager] Halted I/O scheduler for world 'minecraft:overworld'
[00:59:32 INFO]: Saving chunks for level 'ServerLevel[world]'/minecraft:the_nether
[00:59:32 INFO]: [ChunkHolderManager] Waiting 60s for chunk system to halt for world 'minecraft:the_nether'
[00:59:32 INFO]: [ChunkHolderManager] Halted chunk system for world 'minecraft:the_nether'
[00:59:32 INFO]: [ChunkHolderManager] Saving all chunkholders for world 'minecraft:the_nether'
[00:59:32 INFO]: [ChunkHolderManager] Saved 0 block chunks, 0 entity chunks, 0 poi chunks in world 'minecraft:the_nether' in 0.00s
[00:59:32 INFO]: [ChunkHolderManager] Waiting 60s for chunk I/O to halt for world 'minecraft:the_nether'
[00:59:32 INFO]: [ChunkHolderManager] Halted I/O scheduler for world 'minecraft:the_nether'
[00:59:32 INFO]: Saving chunks for level 'ServerLevel[world]'/minecraft:the_end
[00:59:32 INFO]: [ChunkHolderManager] Waiting 60s for chunk system to halt for world 'minecraft:the_end'
[00:59:32 INFO]: [ChunkHolderManager] Halted chunk system for world 'minecraft:the_end'
[00:59:32 INFO]: [ChunkHolderManager] Saving all chunkholders for world 'minecraft:the_end'
[00:59:32 INFO]: [ChunkHolderManager] Saved 0 block chunks, 0 entity chunks, 0 poi chunks in world 'minecraft:the_end' in 0.00s
[00:59:32 INFO]: [ChunkHolderManager] Waiting 60s for chunk I/O to halt for world 'minecraft:the_end'
[00:59:32 INFO]: [ChunkHolderManager] Halted I/O scheduler for world 'minecraft:the_end'
[00:59:32 INFO]: ThreadedAnvilChunkStorage (world): All chunks are saved
[00:59:32 INFO]: ThreadedAnvilChunkStorage (DIM-1): All chunks are saved
[00:59:32 INFO]: ThreadedAnvilChunkStorage (DIM1): All chunks are saved
[00:59:32 INFO]: ThreadedAnvilChunkStorage: All dimensions are saved
[00:59:32 INFO]: Waiting for all RegionFile I/O tasks to complete...
[00:59:32 INFO]: All RegionFile I/O tasks to complete
[00:59:32 INFO]: [MoonriseCommon] Awaiting termination of worker pool for up to 60s...
[00:59:32 INFO]: [MoonriseCommon] Awaiting termination of I/O pool for up to 60s...

BUILD SUCCESSFUL in 2m 40s
39 actionable tasks: 1 executed, 38 up-to-date
Consider enabling configuration cache to speed up this build: https://docs.gradle.org/9.1.0/userguide/configuration_cache_enabling.html
